CREATE DATABASE  IF NOT EXISTS `empresaDB` /*!40100 DEFAULT CHARACTER SET latin1 */;
USE `empresaDB`;
-- MySQL dump 10.13  Distrib 5.6.24, for osx10.8 (x86_64)
--
-- Host: 127.0.0.1    Database: empresaDB
-- ------------------------------------------------------
-- Server version	5.5.42

/*!40101 SET @OLD_CHARACTER_SET_CLIENT=@@CHARACTER_SET_CLIENT */;
/*!40101 SET @OLD_CHARACTER_SET_RESULTS=@@CHARACTER_SET_RESULTS */;
/*!40101 SET @OLD_COLLATION_CONNECTION=@@COLLATION_CONNECTION */;
/*!40101 SET NAMES utf8 */;
/*!40103 SET @OLD_TIME_ZONE=@@TIME_ZONE */;
/*!40103 SET TIME_ZONE='+00:00' */;
/*!40014 SET @OLD_UNIQUE_CHECKS=@@UNIQUE_CHECKS, UNIQUE_CHECKS=0 */;
/*!40014 SET @OLD_FOREIGN_KEY_CHECKS=@@FOREIGN_KEY_CHECKS, FOREIGN_KEY_CHECKS=0 */;
/*!40101 SET @OLD_SQL_MODE=@@SQL_MODE, SQL_MODE='NO_AUTO_VALUE_ON_ZERO' */;
/*!40111 SET @OLD_SQL_NOTES=@@SQL_NOTES, SQL_NOTES=0 */;

--
-- Table structure for table `departamento`
--

DROP TABLE IF EXISTS `departamento`;
/*!40101 SET @saved_cs_client     = @@character_set_client */;
/*!40101 SET character_set_client = utf8 */;
CREATE TABLE `departamento` (
  `id_departamento` int(11) NOT NULL AUTO_INCREMENT,
  `nombre` varchar(45) NOT NULL,
  PRIMARY KEY (`id_departamento`)
) ENGINE=InnoDB AUTO_INCREMENT=9006 DEFAULT CHARSET=latin1;
/*!40101 SET character_set_client = @saved_cs_client */;

--
-- Dumping data for table `departamento`
--

LOCK TABLES `departamento` WRITE;
/*!40000 ALTER TABLE `departamento` DISABLE KEYS */;
INSERT INTO `departamento` VALUES (9000,'Marketing'),(9001,'Ventas'),(9002,'Administración'),(9003,'Logística'),(9004,'Internet'),(9005,'Compras');
/*!40000 ALTER TABLE `departamento` ENABLE KEYS */;
UNLOCK TABLES;

--
-- Table structure for table `empleado`
--

DROP TABLE IF EXISTS `empleado`;
/*!40101 SET @saved_cs_client     = @@character_set_client */;
/*!40101 SET character_set_client = utf8 */;
CREATE TABLE `empleado` (
  `id_empleado` int(11) NOT NULL AUTO_INCREMENT,
  `nombre` varchar(50) NOT NULL,
  `apellido` varchar(50) NOT NULL,
  `email` varchar(50) DEFAULT NULL,
  `direccion` varchar(50) NOT NULL,
  `genero` varchar(50) NOT NULL,
  `fecha_nacimiento` date NOT NULL,
  `telefono` varchar(50) DEFAULT NULL,
  `sueldo` int(11) NOT NULL,
  `id_departamento` int(11) NOT NULL,
  PRIMARY KEY (`id_empleado`),
  KEY `empleado_departamento_idx` (`id_departamento`),
  CONSTRAINT `fk1` FOREIGN KEY (`id_departamento`) REFERENCES `departamento` (`id_departamento`) ON DELETE CASCADE ON UPDATE CASCADE
) ENGINE=InnoDB AUTO_INCREMENT=1001 DEFAULT CHARSET=latin1;
/*!40101 SET character_set_client = @saved_cs_client */;

--
-- Dumping data for table `empleado`
--

LOCK TABLES `empleado` WRITE;
/*!40000 ALTER TABLE `empleado` DISABLE KEYS */;
INSERT INTO `empleado` VALUES (1,'Amanda','Barnes','abarnes0@prlog.org','5 Hudson Way','F','1982-05-18','32872771',455861,9001),(2,'Janet','Carroll','jcarroll1@bloomberg.com','72526 Laurel Street','F','1987-09-15','21959187',754222,9001),(3,'Gerald','Ortiz','gortiz2@google.com','40 Clove Avenue','M','1961-06-25','08708851',2280688,9001),(4,'Jason','Martinez','jmartinez3@parallels.com','09653 Springview Crossing','M','1975-09-10','38321710',2379434,9001),(5,'Melissa','Garcia','mgarcia4@youtube.com','5 Rockefeller Park','F','1956-11-10','88742710',543140,9005),(6,'Phyllis','Griffin','pgriffin5@stanford.edu','95 Esker Road','F','1986-11-16','31103401',1130330,9001),(7,'Lori','Bowman','lbowman6@dyndns.org','2495 Erie Hill','F','1987-05-26','22396125',2006236,9000),(8,'Carolyn','Hughes','chughes7@paginegialle.it','23175 Sunfield Terrace','F','1982-03-22','71129824',2374137,9004),(9,'Matthew','Frazier','mfrazier8@bbb.org','3542 Memorial Street','M','1973-02-15','05299157',1771410,9001),(10,'Lillian','Nguyen','lnguyen9@ask.com','5 Melvin Trail','F','1975-11-18','64636049',1832654,9005),(11,'Howard','Johnston','hjohnstona@umich.edu','5 Sycamore Drive','M','1972-01-22','74632748',980542,9005),(12,'Steve','Griffin',NULL,'9 Scoville Street','M','1987-11-01','40025975',1396683,9004),(13,'Harry','Stewart','hstewartc@whitehouse.gov','38253 Victoria Crossing','M','1975-10-30','16708289',416523,9001),(14,'Phyllis','White','pwhited@miibeian.gov.cn','320 Summer Ridge Place','F','1965-11-15','03504420',1660315,9003),(15,'Shirley','Reyes','sreyese@usa.gov','4233 Cottonwood Way','F','1977-02-24','62869684',365732,9001),(16,'Amanda','Welch','awelchf@rediff.com','51 Brickson Park Drive','F','1975-01-22','22636174',396566,9000),(17,'Harry','Howard','hhowardg@usatoday.com','70 1st Junction','M','1978-01-19','22057715',2284865,9000),(18,'Jose','Olson','jolsonh@artisteer.com','3377 Elgar Hill','M','1975-02-26','93178223',468402,9002),(19,'Pamela','Peterson','ppetersoni@cdc.gov','6001 Judy Parkway','F','1968-08-22','28527141',1960596,9000),(20,'Joyce','Bryant','jbryantj@sciencedirect.com','39563 Waxwing Alley','F','1976-01-11','72798365',2160829,9000),(21,'Gary','Williamson','gwilliamsonk@baidu.com','2318 Mallory Parkway','M','1967-08-30','27791288',404221,9004),(22,'Henry','Powell','hpowelll@instagram.com','86987 Spaight Terrace','M','1985-09-16','41704886',1186604,9005),(23,'Sandra','Ward','swardm@discovery.com','0728 5th Parkway','F','1951-07-07','99105105',855747,9003),(24,'George','Garrett','ggarrettn@imdb.com','85 Corry Lane','M','1983-03-14','27069056',1003874,9004),(25,'Keith','Wallace','kwallaceo@issuu.com','89 Division Lane','M','1962-03-21','14225711',1563158,9002),(26,'Jesse','Elliott','jelliottp@sciencedaily.com','7 Bobwhite Park','M','1980-07-31','74947843',1115099,9001),(27,'Sara','Garrett','sgarrettq@google.nl','0 Tennyson Trail','F','1956-05-26','04742262',694487,9005),(28,'Jean','Myers','jmyersr@utexas.edu','4 Hazelcrest Road','F','1986-09-07','80882134',1516175,9001),(29,'Tammy','Morrison','tmorrisons@omniture.com','53000 Weeping Birch Road','F','1964-08-24','75215481',841913,9000),(30,'Pamela','Porter','pportert@ebay.co.uk','3555 Emmet Junction','F','1972-02-28','54482476',1800780,9003),(31,'Eric','Harris','eharrisu@mapquest.com','00035 Lakewood Junction','M','1968-08-24','50615242',2347754,9001),(32,'Betty','Adams','badamsv@digg.com','6014 Dexter Junction','F','1965-12-07','27186682',865641,9005),(33,'Carolyn','Martin','cmartinw@drupal.org','6 Starling Park','F','1970-04-21',NULL,1376969,9004),(34,'Henry','Armstrong','harmstrongx@webeden.co.uk','370 Ryan Junction','M','1986-09-23','42101776',1196915,9004),(35,'Louise','Perkins','lperkinsy@wp.com','94142 Mariners Cove Place','F','1972-05-12','62028714',1701511,9003),(36,'Sara','Carter','scarterz@hao123.com','504 Coolidge Avenue','F','1975-04-15','97987839',1607735,9005),(37,'Fred','Mccoy','fmccoy10@creativecommons.org','36 Montana Junction','M','1984-10-10','41561050',2010491,9002),(38,'Gregory','Weaver',NULL,'66 Birchwood Alley','M','1951-02-14','32450116',1288846,9005),(39,'Cynthia','Dixon','cdixon12@hud.gov','1091 David Place','F','1958-02-12','74844145',287182,9004),(40,'Norma','Weaver','nweaver13@macromedia.com','00286 Dunning Drive','F','1971-08-25',NULL,1931495,9001),(41,'Martin','Dixon','mdixon14@histats.com','098 Arkansas Plaza','M','1977-04-09','44287821',683934,9002),(42,'Tammy','Meyer','tmeyer15@e-recht24.de','28 Moose Place','F','1967-07-22','65014095',2223585,9000),(43,'Melissa','Washington','mwashington16@loc.gov','0425 Bartelt Terrace','F','1973-11-03','94505998',359312,9000),(44,'Jonathan','Morgan','jmorgan17@csmonitor.com','44 6th Lane','M','1987-02-25','56627135',790210,9001),(45,'Nicholas','Castillo','ncastillo18@topsy.com','23391 Fisk Place','M','1980-10-17','50476801',394261,9002),(46,'Matthew','Jenkins','mjenkins19@storify.com','3377 Hovde Lane','M','1952-10-08','22429729',1763808,9000),(47,'Carl','Kelley','ckelley1a@stumbleupon.com','0727 Oxford Avenue','M','1954-11-29','95728292',2292775,9005),(48,'Janet','Daniels','jdaniels1b@blog.com','096 Golden Leaf Terrace','F','1973-07-04','18104282',2423363,9000),(49,'Frances','Morgan','fmorgan1c@google.com.au','21747 Hazelcrest Hill','F','1954-06-15','95373467',627943,9000),(50,'Joyce','Roberts','jroberts1d@wikimedia.org','55736 Kennedy Crossing','F','1967-07-05',NULL,2050367,9001),(51,'Evelyn','Hayes','ehayes1e@ft.com','3104 Heffernan Avenue','F','1972-04-06','71572160',1031757,9003),(52,'Ernest','Price','eprice1f@twitpic.com','77 Esch Hill','M','1983-12-05',NULL,612118,9004),(53,'Ryan','Cole','rcole1g@thetimes.co.uk','66 Graceland Way','M','1965-06-05','10576332',2230203,9005),(54,'Catherine','Medina','cmedina1h@jigsy.com','2 Union Alley','F','1981-08-10','85062483',1767591,9000),(55,'Kathleen','West','kwest1i@com.com','1 Rieder Park','F','1955-01-16','69738014',1227346,9003),(56,'Kathy','Richards','krichards1j@biblegateway.com','46 Karstens Parkway','F','1951-11-18','09352894',1322915,9003),(57,'Sandra','Welch','swelch1k@squidoo.com','9309 Acker Center','F','1978-11-09','62886128',1302899,9005),(58,'William','Little','wlittle1l@skype.com','3 Haas Parkway','M','1972-11-23','05492618',1530231,9002),(59,'Susan','Jackson','sjackson1m@house.gov','907 Emmet Plaza','F','1958-09-19','71728411',2142672,9002),(60,'Virginia','Harvey','vharvey1n@naver.com','9 Farragut Trail','F','1982-07-13',NULL,1695664,9003),(61,'Kathleen','Ray','kray1o@wikimedia.org','44666 North Way','F','1975-10-22','60472780',663190,9004),(62,'Deborah','George','dgeorge1p@nhs.uk','598 Hoard Lane','F','1950-07-15','03055350',1280268,9001),(63,'Jane','Butler','jbutler1q@twitpic.com','7954 Welch Avenue','F','1951-09-26','79746345',860598,9005),(64,'Amy','Grant','agrant1r@weather.com','122 Village Green Alley','F','1951-02-12','83878810',2135682,9000),(65,'Diane','Nichols','dnichols1s@marketwatch.com','67838 Elmside Drive','F','1962-04-10','38520053',874328,9002),(66,'Barbara','Armstrong','barmstrong1t@goo.gl','45 Pawling Street','F','1981-05-26','46248885',1730481,9003),(67,'George','Alexander','galexander1u@hubpages.com','4 Duke Terrace','M','1958-06-29','78032831',1413343,9005),(68,'Amanda','Carroll','acarroll1v@devhub.com','32246 Thierer Street','F','1971-05-16','26980135',1143509,9000),(69,'Edward','Washington','ewashington1w@prweb.com','3330 Vermont Road','M','1961-11-26','72759124',922332,9003),(70,'Sharon','Jones','sjones1x@123-reg.co.uk','21 Stephen Junction','F','1966-08-08','47712374',1555883,9002),(71,'Shawn','Black','sblack1y@spotify.com','3470 Hansons Lane','M','1964-11-26','03598965',455621,9002),(72,'Rachel','Graham','rgraham1z@live.com','46474 Milwaukee Lane','F','1978-06-24','72668281',1135203,9001),(73,'Kathy','Porter','kporter20@dagondesign.com','8 Glacier Hill Point','F','1976-06-17','46240550',523175,9003),(74,'Roy','Gutierrez','rgutierrez21@rediff.com','67 Roth Court','M','1986-03-04','86450326',1277388,9001),(75,'Kelly','King','kking22@cmu.edu','765 Havey Drive','F','1980-08-01','52892064',899528,9004),(76,'Norma','Harvey','nharvey23@nbcnews.com','50689 Atwood Crossing','F','1950-11-21','11366371',281221,9001),(77,'Deborah','Gibson','dgibson24@usda.gov','07472 Starling Parkway','F','1972-08-14','97975210',1480012,9003),(78,'Linda','Little','llittle25@php.net','676 Gateway Road','F','1954-06-08','67013602',2175231,9003),(79,'Sarah','Carter','scarter26@cocolog-nifty.com','4034 Lindbergh Park','F','1989-07-24','84145295',2066447,9005),(80,'Julie','Hawkins','jhawkins27@opera.com','28037 Gale Junction','F','1958-01-01','83149881',1379623,9001),(81,'Christine','Watkins','cwatkins28@wp.com','443 Kipling Center','F','1979-01-02','41087883',514269,9005),(82,'Raymond','Larson','rlarson29@so-net.ne.jp','1 Northridge Drive','M','1958-04-22','64187999',389601,9000),(83,'Janet','Williamson','jwilliamson2a@cloudflare.com','055 Swallow Drive','F','1964-05-16','66549442',470647,9003),(84,'Marie','Hawkins','mhawkins2b@canalblog.com','78934 Center Junction','F','1986-11-26','29647992',2026663,9003),(85,'Roy','Wells','rwells2c@scientificamerican.com','999 Susan Avenue','M','1974-04-30','25402605',1470184,9003),(86,'Albert','Freeman','afreeman2d@skyrock.com','6565 Forest Dale Pass','M','1978-12-11','46873598',1162123,9001),(87,'Jennifer','Marshall','jmarshall2e@wufoo.com','3205 Manitowish Court','F','1953-12-01','77331195',1337143,9000),(88,'Kelly','Greene','kgreene2f@dagondesign.com','869 Northwestern Avenue','F','1970-12-29','19409921',1738794,9005),(89,'Carol','Morgan','cmorgan2g@cloudflare.com','6502 Haas Point','F','1974-05-29','71882423',2240303,9004),(90,'Steven','Harvey','sharvey2h@wufoo.com','31 Basil Point','M','1961-12-08','95221982',1132886,9000),(91,'Walter','Stephens','wstephens2i@cocolog-nifty.com','3 Welch Avenue','M','1982-11-18','00373064',1360602,9000),(92,'Sara','Webb','swebb2j@utexas.edu','58 Jana Court','F','1973-12-03','20543113',837403,9001),(93,'Lillian','Nguyen','lnguyen2k@abc.net.au','6 Pearson Circle','F','1954-06-19','92610998',2116297,9005),(94,'Wayne','Gray','wgray2l@rambler.ru','053 Warbler Avenue','M','1957-02-09','01462181',2387632,9000),(95,'Lisa','Sanchez','lsanchez2m@smugmug.com','1 Prentice Alley','F','1951-10-01','29663774',1724482,9000),(96,'Tina','Perkins','tperkins2n@xinhuanet.com','8 Algoma Court','F','1988-04-11','83625843',1641412,9002),(97,'Karen','Johnston','kjohnston2o@mozilla.com','6142 Logan Circle','F','1950-02-09','04023245',1647391,9003),(98,'Henry','Young','hyoung2p@jiathis.com','8192 Melby Way','M','1964-12-17','53358336',765522,9003),(99,'Aaron','Torres','atorres2q@uol.com.br','3529 Dexter Lane','M','1950-02-18','80714532',1840711,9004),(100,'Henry','Meyer','hmeyer2r@berkeley.edu','56044 Boyd Point','M','1953-11-21','23646813',1975304,9003),(101,'Adam','Stephens','astephens2s@tinypic.com','39600 Jana Center','M','1950-08-29','97325450',2344612,9004),(102,'Jeremy','Jacobs','jjacobs2t@eepurl.com','184 Pine View Center','M','1956-12-02','58137500',1334520,9000),(103,'Stephen','Bailey','sbailey2u@bandcamp.com','43 Oneill Road','M','1966-05-24','35604798',1229022,9004),(104,'Patrick','Ramos','pramos2v@github.io','7522 Glacier Hill Avenue','M','1964-11-26','55514978',311575,9002),(105,'Helen','Rice','hrice2w@icio.us','2468 Elka Place','F','1967-01-29','56863563',1492194,9003),(106,'Anna','Hudson','ahudson2x@ed.gov','328 Annamark Lane','F','1980-01-04','65864211',1643168,9000),(107,'Ryan','Garrett','rgarrett2y@163.com','50 Westridge Circle','M','1950-03-03','10354683',1591889,9004),(108,'John','Watson','jwatson2z@so-net.ne.jp','95 John Wall Road','M','1959-04-17','90798467',2067085,9004),(109,'Amy','Thomas','athomas30@vistaprint.com','2998 Garrison Junction','F','1965-07-24','77255710',2036082,9004),(110,'Andrew','Mills','amills31@1und1.de','9 Chive Court','M','1970-07-23','94357295',2156844,9002),(111,'Teresa','Johnston','tjohnston32@goodreads.com','1 Eastlawn Road','F','1958-01-13','54328118',1065203,9003),(112,'Matthew','Hughes','mhughes33@cbc.ca','700 Weeping Birch Place','M','1977-04-16','04708157',2386342,9004),(113,'Lisa','Ruiz','lruiz34@live.com','00452 Old Shore Junction','F','1975-08-09','82393712',2262008,9003),(114,'Lori','Hawkins','lhawkins35@prweb.com','0351 Victoria Street','F','1987-05-27','01818743',1697657,9005),(115,'Wanda','Graham','wgraham36@desdev.cn','17 Canary Center','F','1968-08-18','79196799',1460590,9003),(116,'Peter','Hamilton','phamilton37@goo.gl','65842 Clemons Way','M','1983-11-02','90941017',1058762,9003),(117,'Phyllis','Hudson','phudson38@parallels.com','69156 Pearson Avenue','F','1985-02-22','76513430',564332,9004),(118,'James','Knight','jknight39@census.gov','74095 Carpenter Street','M','1970-03-04','53727300',1129136,9004),(119,'Philip','Gray','pgray3a@oaic.gov.au','460 Express Trail','M','1969-08-10','05175366',1473175,9004),(120,'Samuel','Carroll','scarroll3b@bbb.org','708 Banding Center','M','1963-01-09','45087644',986798,9001),(121,'Diane','Kelley','dkelley3c@lycos.com','001 Sutteridge Crossing','F','1963-09-12','92362483',1987049,9000),(122,'Amanda','Williamson','awilliamson3d@4shared.com','09643 Messerschmidt Circle','F','1981-11-10','69910698',2169218,9002),(123,'Betty','Rodriguez','brodriguez3e@who.int','7997 Glacier Hill Plaza','F','1973-01-06','71248247',533185,9002),(124,'Jimmy','Fernandez','jfernandez3f@tuttocitta.it','423 Graedel Plaza','M','1963-02-25','02510004',1744577,9004),(125,'Janet','Snyder','jsnyder3g@samsung.com','5327 Commercial Drive','F','1961-10-18','18414797',790291,9005),(126,'Jesse','Mason','jmason3h@smugmug.com','71 Corscot Lane','M','1982-02-21','04310837',1447517,9003),(127,'Susan','Murray','smurray3i@dmoz.org','9928 Spaight Court','F','1975-08-22','51022862',1157813,9000),(128,'Christine','Williams','cwilliams3j@mapy.cz','5755 Jana Park','F','1980-01-23','41806258',1728521,9002),(129,'Fred','Mcdonald','fmcdonald3k@google.it','4 Duke Park','M','1966-08-17','51202916',308768,9002),(130,'Joseph','Henderson','jhenderson3l@lycos.com','3491 Tony Point','M','1989-04-10','50483932',906501,9004),(131,'Phillip','Willis','pwillis3m@comsenz.com','203 North Parkway','M','1959-06-22','68501100',689243,9005),(132,'Jonathan','Powell','jpowell3n@rediff.com','043 Lotheville Junction','M','1950-02-27','46215551',1157720,9002),(133,'Jane','Davis','jdavis3o@smh.com.au','1673 Towne Junction','F','1977-12-13',NULL,689868,9003),(134,'Sean','Meyer','smeyer3p@tmall.com','6337 Glacier Hill Hill','M','1986-03-15','05769826',1466924,9001),(135,'Eugene','Montgomery','emontgomery3q@networkadvertising.org','5326 Arkansas Drive','M','1970-12-22','52129514',1547702,9003),(136,'Brandon','Payne','bpayne3r@infoseek.co.jp','391 Riverside Terrace','M','1962-09-24','94242310',2026198,9005),(137,'Craig','Cook','ccook3s@weebly.com','98 Schlimgen Pass','M','1963-04-14','23483630',2146139,9000),(138,'Joan','Burke','jburke3t@hao123.com','9291 Forest Dale Court','F','1973-02-27','20319687',2138927,9001),(139,'Gary','Perry','gperry3u@edublogs.org','3073 Hauk Way','M','1954-04-25','66331296',492762,9005),(140,'Virginia','Stanley','vstanley3v@clickbank.net','47 Debra Plaza','F','1972-03-09','53712038',1788351,9000),(141,'Nicholas','Hill','nhill3w@topsy.com','1989 Springview Street','M','1965-06-18','17889398',1341860,9001),(142,'Judy','Wood','jwood3x@163.com','3 Graceland Alley','F','1968-03-29','04195879',705464,9002),(143,'Adam','Nichols','anichols3y@sakura.ne.jp','17 Ohio Plaza','M','1952-07-25','58730239',1382619,9005),(144,'Kenneth','Gonzales','kgonzales3z@hhs.gov','2124 Sheridan Point','M','1966-09-29','30325787',1730711,9003),(145,'Paul','Phillips','pphillips40@mediafire.com','78353 Haas Point','M','1964-02-08','69356065',1290311,9000),(146,'Harry','Lewis','hlewis41@mail.ru','68 Roth Parkway','M','1974-12-28','67356956',2172783,9003),(147,'Dennis','Franklin','dfranklin42@miitbeian.gov.cn','387 Mallory Alley','M','1984-06-20','83970128',1245069,9004),(148,'Dorothy','Williamson','dwilliamson43@dailymotion.com','81590 Eastlawn Avenue','F','1975-08-07','42740123',1202915,9003),(149,'Andrea','Bryant','abryant44@loc.gov','6231 Spenser Crossing','F','1987-08-25','76019746',1469087,9002),(150,'Ann','Carr','acarr45@diigo.com','3 Ridge Oak Hill','F','1977-07-28','70933169',2430667,9001),(151,'Johnny','King','jking46@sciencedirect.com','73798 Bobwhite Circle','M','1969-05-05','44828529',1076343,9005),(152,'Denise','Allen','dallen47@spiegel.de','36832 Swallow Pass','F','1951-07-29','48813852',2332794,9005),(153,'Roy','Mendoza','rmendoza48@bizjournals.com','13223 Novick Drive','M','1960-07-09','51102937',2267923,9003),(154,'Robert','Reyes','rreyes49@nasa.gov','7 Hayes Pass','M','1977-04-02','53158655',2036130,9005),(155,'Janet','King','jking4a@auda.org.au','71 6th Avenue','F','1978-08-11','47443086',630129,9002),(156,'Marie','Hanson','mhanson4b@ocn.ne.jp','761 Erie Avenue','F','1986-07-02','95768895',890132,9004),(157,'Frances','Murphy','fmurphy4c@engadget.com','7815 Pearson Way','F','1984-07-09','04528999',254151,9000),(158,'Jean','Watson','jwatson4d@house.gov','5473 Luster Point','F','1970-08-02','38220395',2248436,9005),(159,'Pamela','Hall','phall4e@deliciousdays.com','3960 Crest Line Road','F','1977-01-20','15787016',2449457,9002),(160,'Keith','Banks','kbanks4f@sakura.ne.jp','0 Sauthoff Lane','M','1954-01-15','71281079',502688,9004),(161,'Evelyn','Butler','ebutler4g@cafepress.com','0928 Brown Plaza','F','1950-06-29','33533122',309425,9003),(162,'Billy','Montgomery','bmontgomery4h@naver.com','91 Gina Parkway','M','1962-03-24','01303089',1113449,9002),(163,'Elizabeth','Kennedy','ekennedy4i@theglobeandmail.com','3 Butternut Way','F','1975-08-25','55528197',259397,9000),(164,'Mary','Olson','molson4j@princeton.edu','28276 Dakota Hill','F','1952-06-15','80068918',786913,9001),(165,'Teresa','Jackson','tjackson4k@yellowpages.com','91984 Sunbrook Hill','F','1951-12-29','50325180',1526063,9003),(166,'Willie','Morgan','wmorgan4l@addthis.com','5526 Bunting Lane','M','1989-09-16','29611934',299537,9004),(167,'Joshua','Austin','jaustin4m@odnoklassniki.ru','3469 Haas Road','M','1958-08-20','95660973',499701,9002),(168,'Roger','Ferguson','rferguson4n@cmu.edu','67707 Thackeray Court','M','1973-03-16','39273801',2022474,9004),(169,'Laura','Sullivan','lsullivan4o@symantec.com','74 Messerschmidt Court','F','1961-04-11','54755538',2332187,9005),(170,'Doris','Moreno','dmoreno4p@hexun.com','1863 Arkansas Circle','F','1989-06-26','86204897',1664719,9005),(171,'Lisa','Evans','levans4q@rambler.ru','6 Elmside Avenue','F','1950-01-14','70046806',951037,9002),(172,'Gloria','Fuller','gfuller4r@histats.com','04022 Hayes Circle','F','1976-09-10','45978479',352474,9000),(173,'Jessica','Perry','jperry4s@skyrock.com','484 Linden Avenue','F','1984-08-16','11533400',1238258,9002),(174,'Wayne','Robinson','wrobinson4t@posterous.com','1 Schlimgen Terrace','M','1957-04-16','23528178',2494261,9000),(175,'Patrick','Nelson','pnelson4u@nasa.gov','4434 Springview Avenue','M','1956-01-24','90765615',1945675,9001),(176,'Deborah','Wells','dwells4v@discuz.net','880 Lien Court','F','1981-03-22',NULL,1180891,9004),(177,'Billy','Lawrence','blawrence4w@forbes.com','2 Grover Court','M','1989-10-29','88721107',1581521,9004),(178,'Pamela','Roberts','proberts4x@cnn.com','4 Karstens Center','F','1967-12-10','50044524',2363279,9000),(179,'Paula','Williamson','pwilliamson4y@apache.org','0 Stuart Hill','F','1971-12-27','20412690',1123684,9004),(180,'Rebecca','Berry','rberry4z@nature.com','887 Fieldstone Junction','F','1951-07-09','07622043',354004,9000),(181,'Brandon','Martinez','bmartinez50@businesswire.com','3218 Larry Place','M','1986-02-20','83615115',1552505,9002),(182,'Shawn','Lopez','slopez51@smh.com.au','33 Corscot Alley','M','1978-04-01','86466123',1173969,9002),(183,'Marilyn','Hamilton','mhamilton52@vk.com','43175 Bonner Pass','F','1989-08-05','12735625',892848,9004),(184,'Randy','Parker','rparker53@cafepress.com','95 Maywood Lane','M','1980-01-23','14212614',1222986,9000),(185,'Carolyn','Ortiz','cortiz54@ed.gov','9273 Golf Avenue','F','1980-11-12','98450414',1061407,9004),(186,'Andrea','Carpenter','acarpenter55@howstuffworks.com','314 Chinook Way','F','1981-02-07','89048952',252214,9004),(187,'James','Clark','jclark56@usda.gov','7262 Morrow Crossing','M','1964-05-18','26055507',981626,9003),(188,'Jose','Cooper','jcooper57@utexas.edu','879 Mcbride Road','M','1975-07-17','77904162',1174735,9005),(189,'Julie','Ramirez','jramirez58@de.vu','53 Carpenter Terrace','F','1987-09-26','79545127',802465,9002),(190,'George','Hawkins','ghawkins59@sourceforge.net','00289 Onsgard Parkway','M','1989-06-01','72456193',779112,9005),(191,'Michael','Hicks','mhicks5a@goo.gl','3 Barby Alley','M','1986-09-10','91145817',1639688,9004),(192,'Linda','Kennedy','lkennedy5b@simplemachines.org','9077 Killdeer Center','F','1961-12-06','71159174',1256877,9000),(193,'Ronald','Jones','rjones5c@slashdot.org','40 Scott Center','M','1983-04-23','67548615',1724104,9005),(194,'Gregory','Knight','gknight5d@oracle.com','06391 Delladonna Hill','M','1972-06-21','43422404',1935251,9001),(195,'Raymond','Shaw','rshaw5e@cnbc.com','33723 Springview Circle','M','1954-09-06','99145646',644565,9003),(196,'Jeremy','Sanchez','jsanchez5f@wired.com','22 Pankratz Street','M','1981-03-05','14567286',1940905,9000),(197,'Debra','Miller','dmiller5g@wp.com','6994 Bunker Hill Terrace','F','1986-01-18','23131390',2314230,9000),(198,'Ronald','Gutierrez','rgutierrez5h@e-recht24.de','85 Brentwood Pass','M','1983-08-12','30853098',289244,9001),(199,'Joyce','Morris','jmorris5i@google.co.jp','53549 Nevada Parkway','F','1959-05-04','90167138',1408574,9004),(200,'Theresa','Butler','tbutler5j@sina.com.cn','64 Mandrake Crossing','F','1954-10-12',NULL,1953239,9004),(201,'John','Fisher','jfisher5k@mysql.com','85 Katie Center','M','1969-04-17','61995882',1253048,9001),(202,'Janet','Welch','jwelch5l@imdb.com','6879 Kropf Point','F','1986-05-09','74718492',314817,9004),(203,'Cynthia','Bennett','cbennett5m@lulu.com','014 Dovetail Plaza','F','1979-09-14','80677302',1671667,9001),(204,'Ann','Wilson','awilson5n@fotki.com','782 Roth Drive','F','1987-12-10','20733247',1722414,9005),(205,'Jerry','Welch','jwelch5o@squidoo.com','0 Schmedeman Court','M','1953-06-07','33282448',647439,9004),(206,'Henry','Oliver','holiver5p@nba.com','9 Meadow Vale Trail','M','1974-04-13','12359381',2228682,9000),(207,'Kathleen','Howard','khoward5q@seattletimes.com','8 Marcy Center','F','1971-03-29','36471097',603956,9005),(208,'Sean','Hanson','shanson5r@ucoz.ru','15 Green Ridge Lane','M','1953-05-26','07543893',1181267,9004),(209,'Steve','Andrews','sandrews5s@nytimes.com','97 Lillian Road','M','1975-02-05','47873006',1026054,9004),(210,'Roy','Pierce','rpierce5t@patch.com','6 Hovde Alley','M','1984-03-13','05183043',2402723,9001),(211,'Mildred','Jordan','mjordan5u@cocolog-nifty.com','9 Brown Court','F','1982-08-30','72879566',1400002,9000),(212,'Jeremy','Robertson','jrobertson5v@theglobeandmail.com','26 Armistice Junction','M','1962-10-26','75080173',2145040,9002),(213,'Robert','Burns','rburns5w@slashdot.org','96 Mayer Point','M','1950-07-16','43811192',709802,9000),(214,'Sarah','Campbell','scampbell5x@google.ru','18756 High Crossing Hill','F','1987-01-13','02705019',1182612,9001),(215,'Marilyn','Brooks','mbrooks5y@smh.com.au','433 Erie Place','F','1961-04-12','16585576',957759,9001),(216,'Brian','Lewis','blewis5z@sun.com','50361 Nevada Drive','M','1978-02-18','20205720',558874,9000),(217,'Benjamin','Weaver','bweaver60@dailymotion.com','0002 Hazelcrest Way','M','1950-08-15','92291221',1044857,9001),(218,'Todd','Medina','tmedina61@foxnews.com','87312 Summerview Circle','M','1982-08-03','43449760',294958,9005),(219,'Denise','Arnold','darnold62@pen.io','22659 Mitchell Place','F','1969-01-12','51014427',568577,9001),(220,'Amy','Reid','areid63@hatena.ne.jp','8694 Killdeer Drive','F','1974-12-09','82010613',1428157,9001),(221,'Wanda','Snyder','wsnyder64@home.pl','64900 Delaware Road','F','1958-06-27','53280584',305646,9003),(222,'Douglas','Lopez','dlopez65@nydailynews.com','30353 Bay Street','M','1967-02-15','89168856',2298803,9001),(223,'Michael','Dunn','mdunn66@liveinternet.ru','85 Pond Lane','M','1965-05-05','92491107',1692076,9005),(224,'Anthony','Sullivan','asullivan67@businessinsider.com','90 Express Way','M','1974-04-04','54638120',2379756,9005),(225,'Fred','Grant','fgrant68@sakura.ne.jp','2564 Declaration Plaza','M','1967-07-31','40885873',2273147,9004),(226,'Jacqueline','King','jking69@webmd.com','467 Pine View Parkway','F','1955-11-17','86565092',1549550,9004),(227,'Sharon','Warren','swarren6a@skype.com','950 Carberry Terrace','F','1986-02-13','76926649',1426336,9001),(228,'Cheryl','Wells','cwells6b@marriott.com','46 Spohn Court','F','1961-01-02','25026894',1289710,9001),(229,'Doris','Payne','dpayne6c@bbc.co.uk','4 Kinsman Point','F','1984-03-03','72334217',2437473,9001),(230,'Sean','White','swhite6d@washingtonpost.com','2292 Sunbrook Junction','M','1952-06-07','19429743',2295806,9003),(231,'Ryan','Gardner','rgardner6e@twitpic.com','4631 Jackson Drive','M','1973-02-16','32513322',2491086,9001),(232,'Brenda','Hughes','bhughes6f@plala.or.jp','989 Morrow Alley','F','1950-07-31','93256094',2172688,9001),(233,'Terry','Moore','tmoore6g@digg.com','54 Linden Point','M','1950-09-30','40163716',2293534,9001),(234,'Johnny','Cole','jcole6h@cbslocal.com','5690 Utah Pass','M','1962-03-17','14548610',1103176,9002),(235,'Robert','Collins','rcollins6i@umn.edu','6 Sutteridge Trail','M','1976-04-25','33769939',1473445,9005),(236,'Deborah','Holmes','dholmes6j@scribd.com','67 Huxley Center','F','1963-08-01','58580122',1728437,9002),(237,'Melissa','Hunt','mhunt6k@sbwire.com','33026 Autumn Leaf Place','F','1958-05-29','12759905',916886,9005),(238,'Sandra','White','swhite6l@myspace.com','8097 Londonderry Center','F','1977-08-20','10290404',1901804,9005),(239,'Andrew','Henderson','ahenderson6m@facebook.com','3259 Dahle Pass','M','1977-10-31','74652624',971273,9005),(240,'Roger','Day','rday6n@japanpost.jp','13865 Golf Park','M','1983-05-08','11858990',1531077,9001),(241,'Chris','Sanders','csanders6o@ehow.com','546 Columbus Drive','M','1969-06-15','52998679',1308559,9005),(242,'Christina','Lawson','clawson6p@harvard.edu','76 Oxford Avenue','F','1987-08-22','93532373',1299437,9005),(243,'Joyce','Lane','jlane6q@imdb.com','0 Esch Road','F','1952-09-19','11695650',1770135,9002),(244,'Paul','Ward','pward6r@miibeian.gov.cn','97 Golden Leaf Drive','M','1988-01-27',NULL,1659081,9001),(245,'Marie','Morales','mmorales6s@dagondesign.com','774 Ilene Lane','F','1957-02-23','63476828',392009,9003),(246,'Patrick','Hernandez','phernandez6t@ow.ly','3549 Spohn Road','M','1954-12-21','39062380',2083478,9002),(247,'Bobby','Romero','bromero6u@adobe.com','00 Esker Point','M','1990-01-20','44020582',1320084,9004),(248,'Ralph','Collins','rcollins6v@google.nl','0 Cardinal Park','M','1964-03-10','84596858',1349770,9004),(249,'Samuel','Roberts','sroberts6w@nbcnews.com','181 Pine View Circle','M','1977-03-29','40533094',639240,9002),(250,'Elizabeth','Murray',NULL,'732 Golf Course Terrace','F','1950-09-22',NULL,1369384,9002),(251,'Brandon','Anderson','banderson6y@vkontakte.ru','1 Fairview Crossing','M','1952-12-04','39554661',1877791,9005),(252,'Lisa','Ross',NULL,'5 Heath Parkway','F','1957-04-14','58337505',1618714,9005),(253,'Dennis','Coleman','dcoleman70@spotify.com','97539 Crowley Road','M','1978-10-20','58962173',2430660,9003),(254,'Jacqueline','Franklin','jfranklin71@loc.gov','21 Chive Hill','F','1982-06-16','43956127',2092134,9004),(255,'Joseph','Diaz','jdiaz72@home.pl','450 Moose Way','M','1952-11-01','80631938',2473541,9000),(256,'Sara','Taylor','staylor73@newsvine.com','67 Oak Street','F','1986-02-23','81682069',1384840,9001),(257,'Ruby','Carpenter','rcarpenter74@pagesperso-orange.fr','67033 Hanover Road','F','1959-11-23','01516580',999583,9005),(258,'Arthur','Kelley','akelley75@vk.com','5167 Hansons Court','M','1988-06-09','31144136',2302866,9002),(259,'Louis','Medina','lmedina76@redcross.org','00103 Upham Terrace','M','1970-07-28','34213182',2311528,9004),(260,'Marie','Watkins','mwatkins77@quantcast.com','8 Dahle Way','F','1958-09-27','87975616',2037960,9000),(261,'Jane','Johnston','jjohnston78@reference.com','1845 Waubesa Road','F','1988-05-27','18555999',1569120,9002),(262,'James','Willis','jwillis79@vkontakte.ru','0117 Eagan Circle','M','1961-08-16','71960566',379934,9002),(263,'Andrew','White','awhite7a@feedburner.com','66594 Blaine Trail','M','1988-11-16','67664165',2430642,9005),(264,'Terry','Bradley','tbradley7b@narod.ru','0574 Di Loreto Terrace','M','1950-03-18','92470349',779680,9004),(265,'Sandra','Alexander','salexander7c@blogger.com','78248 Petterle Place','F','1969-08-15','68468081',2123897,9002),(266,'Carlos','Collins','ccollins7d@aboutads.info','451 David Court','M','1981-11-28','71288009',2092327,9000),(267,'Evelyn','Ryan','eryan7e@bloglovin.com','59 Elka Way','F','1987-09-19','51603904',800565,9004),(268,'Steve','Garcia','sgarcia7f@wikimedia.org','8201 Alpine Way','M','1986-03-19','87963981',992146,9001),(269,'Barbara','Howard','bhoward7g@ucsd.edu','4863 Autumn Leaf Place','F','1983-01-05','42855529',1708667,9002),(270,'Paula','Arnold','parnold7h@histats.com','2912 Dunning Plaza','F','1985-09-15','48557364',970749,9003),(271,'Virginia','Hansen','vhansen7i@skype.com','7038 Melvin Court','F','1957-11-23','37064298',1225703,9003),(272,'Larry','Ramos','lramos7j@fastcompany.com','32 Huxley Drive','M','1954-12-30','74915868',2261804,9001),(273,'Ruby','Palmer','rpalmer7k@psu.edu','6851 Troy Way','F','1973-05-25','39017114',1988903,9002),(274,'Dorothy','Little','dlittle7l@hao123.com','6 3rd Court','F','1960-07-08','01670711',1697850,9000),(275,'Phyllis','Knight','pknight7m@vinaora.com','5 Merry Pass','F','1989-07-05','42988195',1723745,9001),(276,'Tammy','Sanchez','tsanchez7n@imgur.com','728 Doe Crossing Drive','F','1953-03-24','13652922',1823239,9002),(277,'Lois','Campbell','lcampbell7o@devhub.com','136 Del Sol Avenue','F','1974-08-27','71429983',1496515,9002),(278,'Chris','Arnold','carnold7p@imgur.com','371 Columbus Terrace','M','1982-01-16','10510912',1245162,9000),(279,'Dennis','Morales','dmorales7q@ucoz.ru','91 Carey Trail','M','1959-12-23','99046810',2317969,9005),(280,'Katherine','Baker','kbaker7r@princeton.edu','99583 Valley Edge Point','F','1950-10-02','08213871',292950,9001),(281,'Mildred','Howard','mhoward7s@businessweek.com','8467 Hermina Court','F','1954-01-30','47680996',1055759,9005),(282,'Jimmy','Oliver','joliver7t@cnbc.com','71240 Brentwood Way','M','1986-05-31','95848569',1223466,9004),(283,'Kathryn','Mitchell','kmitchell7u@ask.com','6887 Dayton Place','F','1976-05-06','41147787',915620,9000),(284,'Catherine','Bell','cbell7v@bigcartel.com','253 Colorado Circle','F','1955-08-29','91103640',1061902,9005),(285,'Beverly','Lynch','blynch7w@oracle.com','76 Red Cloud Circle','F','1983-10-08','09701267',1629860,9003),(286,'Diana','Pierce','dpierce7x@chronoengine.com','29327 Weeping Birch Trail','F','1984-10-04','88139939',1714016,9002),(287,'Jose','Stevens','jstevens7y@squidoo.com','8287 Pine View Crossing','M','1956-11-07','53339774',2250938,9005),(288,'Edward','Lynch','elynch7z@blinklist.com','7 Gale Circle','M','1965-02-04','13967171',2032368,9003),(289,'Jeffrey','Gilbert','jgilbert80@jiathis.com','8 Corben Pass','M','1966-03-15','75227354',812804,9003),(290,'Paul','Fernandez','pfernandez81@telegraph.co.uk','16 Raven Drive','M','1965-05-14','44890540',2193930,9004),(291,'Amy','Vasquez','avasquez82@washington.edu','80 Hoard Circle','F','1966-04-14','62696819',1423446,9003),(292,'Norma','Cole','ncole83@statcounter.com','92402 Scoville Circle','F','1966-08-09','50677030',1184511,9005),(293,'Diana','George','dgeorge84@kickstarter.com','7 Sullivan Point','F','1964-05-14','00684454',639659,9001),(294,'Brenda','Alvarez','balvarez85@boston.com','96764 Hooker Drive','F','1978-08-18','18898524',2037375,9001),(295,'Jonathan','Olson','jolson86@is.gd','713 Banding Avenue','M','1952-09-18','98879644',2131054,9002),(296,'Jonathan','Alvarez','jalvarez87@nationalgeographic.com','2961 Oak Valley Place','M','1959-09-12','01564503',2265383,9000),(297,'Kathleen','Taylor','ktaylor88@4shared.com','04849 Tony Place','F','1982-03-16','21441181',995761,9005),(298,'Richard','Fernandez','rfernandez89@pcworld.com','50381 Ronald Regan Plaza','M','1954-03-25','78700221',1880210,9000),(299,'Mary','Matthews','mmatthews8a@addthis.com','48562 Dunning Park','F','1959-03-05','36971263',1978968,9005),(300,'Janice','Murray','jmurray8b@livejournal.com','597 Burrows Circle','F','1973-07-18','44778718',1184231,9004),(301,'Marie','Duncan','mduncan8c@zimbio.com','65 Anderson Way','F','1982-06-25','10757084',491430,9004),(302,'Gary','Alexander','galexander8d@msn.com','19483 Dovetail Junction','M','1956-05-31','07226370',784527,9003),(303,'Theresa','Hernandez','thernandez8e@businessinsider.com','2 Arapahoe Lane','F','1973-10-08','62570977',2038311,9002),(304,'Kathleen','Hansen','khansen8f@ovh.net','039 Brickson Park Trail','F','1978-07-07',NULL,2336045,9001),(305,'Phillip','Vasquez','pvasquez8g@netscape.com','446 Prentice Court','M','1988-11-14','17659404',1475235,9000),(306,'Maria','Watson','mwatson8h@bloglovin.com','246 Graceland Court','F','1980-02-15','86561292',1442459,9000),(307,'Jean','Sims','jsims8i@hatena.ne.jp','7 Graceland Hill','F','1984-09-26','04395304',629739,9001),(308,'William','Brooks','wbrooks8j@indiegogo.com','92325 Reindahl Court','M','1950-12-06','88454295',2495459,9001),(309,'Jimmy','Larson','jlarson8k@discuz.net','38289 Myrtle Center','M','1981-03-28','78346678',816951,9002),(310,'Richard','Bailey','rbailey8l@army.mil','1 Service Point','M','1971-01-19','94080025',1817670,9004),(311,'Kelly','Wagner','kwagner8m@altervista.org','57 Little Fleur Center','F','1973-12-26','13495169',644770,9002),(312,'Diana','Morris','dmorris8n@wikipedia.org','56 Gale Plaza','F','1986-12-04','32344664',381331,9001),(313,'Antonio','Cox','acox8o@telegraph.co.uk','72 Golf View Trail','M','1962-12-11','54675062',898041,9001),(314,'Cheryl','Chavez','cchavez8p@nyu.edu','95 Talisman Avenue','F','1974-10-13','30970808',1519699,9001),(315,'Gary','Johnson','gjohnson8q@fastcompany.com','2914 Talmadge Trail','M','1983-10-16','74909049',526645,9004),(316,'Brenda','Nguyen','bnguyen8r@pinterest.com','7 Briar Crest Center','F','1986-06-14','03742681',1157249,9003),(317,'Sara','Lopez','slopez8s@bing.com','2 Barby Circle','F','1974-02-14','56562542',2477897,9002),(318,'Maria','Collins','mcollins8t@ftc.gov','72053 Ronald Regan Hill','F','1968-11-28','25877708',1452611,9004),(319,'Sandra','Watkins','swatkins8u@sbwire.com','7 Iowa Way','F','1986-09-17','34545767',809553,9003),(320,'Lori','Marshall','lmarshall8v@marriott.com','9760 Ronald Regan Trail','F','1950-02-14','09321890',776041,9000),(321,'Henry','Austin','haustin8w@webs.com','2 Almo Way','M','1979-05-23','76197832',2370527,9002),(322,'Victor','Morrison','vmorrison8x@homestead.com','64 Lotheville Point','M','1981-10-28','84966810',2042922,9003),(323,'Tammy','Phillips','tphillips8y@dot.gov','0198 Forest Run Avenue','F','1951-02-05','76265715',863936,9005),(324,'Bonnie','Owens','bowens8z@list-manage.com','9 Hoffman Circle','F','1989-10-11','56061433',1033754,9001),(325,'Ernest','Morales','emorales90@163.com','9 Mesta Trail','M','1962-08-28','42968077',1650975,9005),(326,'Walter','Torres','wtorres91@adobe.com','302 Swallow Trail','M','1975-07-13','95829208',1131897,9003),(327,'Wanda','Carter','wcarter92@si.edu','0 Badeau Pass','F','1977-10-11','21298982',1147681,9003),(328,'Sandra','Reyes','sreyes93@mit.edu','6681 Sunfield Street','F','1989-07-14','58868962',2216047,9003),(329,'Justin','Ryan','jryan94@nih.gov','005 Longview Lane','M','1952-01-02','86734106',964087,9004),(330,'Jesse','Dixon','jdixon95@ask.com','39 Dexter Park','M','1981-04-15','33905694',2102865,9000),(331,'Charles','Griffin','cgriffin96@ca.gov','3421 Meadow Valley Avenue','M','1988-03-24','88472400',2065252,9005),(332,'Robin','Sims','rsims97@miibeian.gov.cn','94 Forest Dale Crossing','F','1967-08-05','90597620',649840,9005),(333,'David','Simpson','dsimpson98@spotify.com','532 Moulton Court','M','1972-10-16','90432743',2172155,9005),(334,'Joan','Romero','jromero99@youtu.be','51832 Fremont Junction','F','1952-05-16','55839155',2108846,9001),(335,'Laura','Graham','lgraham9a@apache.org','658 Coolidge Crossing','F','1978-07-17','32277758',958904,9000),(336,'Donald','Owens','dowens9b@fastcompany.com','2281 Lakewood Gardens Trail','M','1972-10-23','49862541',1059912,9002),(337,'Eric','Simmons','esimmons9c@walmart.com','43122 Continental Terrace','M','1979-07-19','90623478',2164128,9003),(338,'Brenda','Gonzales','bgonzales9d@blogtalkradio.com','7 Nelson Terrace','F','1989-09-27','79898637',2127670,9001),(339,'Alice','Nguyen','anguyen9e@123-reg.co.uk','8908 Arizona Alley','F','1972-10-15','65260564',2228502,9003),(340,'John','Murray','jmurray9f@edublogs.org','7395 Eastwood Pass','M','1950-07-24','27207188',2402135,9001),(341,'Larry','Gardner','lgardner9g@boston.com','11 Laurel Park','M','1984-01-20','61854467',2288628,9001),(342,'Henry','Morgan','hmorgan9h@stumbleupon.com','31602 Pierstorff Crossing','M','1974-12-01','85753845',1799983,9002),(343,'Charles','Shaw','cshaw9i@oracle.com','0 Namekagon Parkway','M','1951-04-02','50852712',1298456,9001),(344,'Pamela','Peterson','ppeterson9j@surveymonkey.com','2949 Redwing Pass','F','1974-08-11','32622078',603501,9002),(345,'Lillian','West','lwest9k@jiathis.com','66 Farragut Avenue','F','1972-06-06','43462992',1045451,9000),(346,'Annie','Simmons','asimmons9l@si.edu','65425 Jay Trail','F','1972-04-10','10892280',1532840,9005),(347,'Antonio','White','awhite9m@amazon.co.jp','167 Hollow Ridge Plaza','M','1979-05-11','96839195',1662516,9001),(348,'Nancy','Howell','nhowell9n@google.com.au','727 Cardinal Road','F','1981-02-23','11665627',1285318,9003),(349,'Helen','Hamilton','hhamilton9o@discuz.net','7 Mayfield Plaza','F','1964-05-07','41406322',2419847,9005),(350,'Steven','Armstrong','sarmstrong9p@myspace.com','6056 Corscot Place','M','1965-12-05','00461192',958541,9000),(351,'Gary','Weaver','gweaver9q@redcross.org','0 Bobwhite Avenue','M','1979-01-15','18429219',1576097,9001),(352,'Ernest','Mendoza','emendoza9r@4shared.com','0 Lotheville Street','M','1982-01-28','29143367',977158,9000),(353,'Mildred','Roberts','mroberts9s@yolasite.com','8 Village Hill','F','1956-07-04','60992521',954819,9004),(354,'Sharon','Cooper',NULL,'317 Truax Point','F','1951-08-02','58199093',1457701,9000),(355,'Sara','Spencer','sspencer9u@miibeian.gov.cn','8592 Fordem Way','F','1982-06-12','26020030',262575,9000),(356,'Irene','Henry','ihenry9v@google.ca','2 Summer Ridge Drive','F','1960-12-11','59144083',2395446,9004),(357,'Ann','Garza','agarza9w@mysql.com','8462 Fordem Point','F','1955-10-04','68269648',927483,9001),(358,'George','Evans','gevans9x@ning.com','7 Canary Trail','M','1973-04-29','12737960',2322161,9003),(359,'Laura','Sullivan','lsullivan9y@sciencedaily.com','07605 Talisman Plaza','F','1959-04-27','70358399',477762,9004),(360,'Christopher','Reid','creid9z@dot.gov','1 Bayside Circle','M','1972-11-19','21814700',432692,9002),(361,'Patrick','Washington','pwashingtona0@meetup.com','17 Claremont Hill','M','1966-03-06','53874040',1834686,9002),(362,'Rebecca','Marshall','rmarshalla1@meetup.com','918 Sutherland Alley','F','1981-07-04','44087719',2067685,9004),(363,'Victor','Cruz','vcruza2@dailymail.co.uk','14 Wayridge Terrace','M','1965-03-18','31116682',1547776,9003),(364,'Lori','Carr','lcarra3@redcross.org','25120 Talisman Court','F','1988-03-09','56130625',2218858,9002),(365,'Jack','Lynch','jlyncha4@google.ru','804 Ramsey Avenue','M','1951-03-11','83277591',861206,9002),(366,'Carolyn','Kennedy','ckennedya5@sogou.com','34 Lukken Plaza','F','1951-04-05','81804981',1344361,9005),(367,'Terry','Cooper','tcoopera6@cdc.gov','2891 Dwight Way','M','1988-01-21','86846579',1288776,9001),(368,'Melissa','Ferguson','mfergusona7@twitpic.com','7698 Summer Ridge Way','F','1986-05-18','56289851',1644612,9004),(369,'Carolyn','Russell','crussella8@mozilla.org','7 Monument Park','F','1988-11-08','22035981',671561,9005),(370,'Dennis','Lynch','dlyncha9@usda.gov','7911 Troy Way','M','1952-05-09','00208637',1953757,9005),(371,'Victor','Bishop',NULL,'44270 Roth Terrace','M','1951-12-13','45354046',1465523,9001),(372,'Sharon','Grant','sgrantab@archive.org','33885 Alpine Way','F','1962-11-10','14062525',2492615,9005),(373,'Dorothy','Bryant',NULL,'62160 Lakewood Gardens Street','F','1978-11-06','29464875',2439337,9005),(374,'Kevin','George','kgeorgead@hc360.com','9012 Loomis Lane','M','1984-03-17','48564662',1380777,9002),(375,'Annie','Armstrong','aarmstrongae@bigcartel.com','09 Birchwood Point','F','1953-09-15','65952173',947789,9004),(376,'Jason','Young','jyoungaf@delicious.com','8 Crowley Trail','M','1959-06-24','24678101',1288413,9003),(377,'Kathryn','Richardson','krichardsonag@plala.or.jp','75379 Knutson Hill','F','1961-07-27','33615010',935268,9001),(378,'Brenda','Kennedy','bkennedyah@about.com','65381 Hoffman Point','F','1985-04-16','28573578',1769768,9001),(379,'Martin','Oliver','moliverai@cafepress.com','00117 Warner Hill','M','1986-11-26','67499643',698663,9002),(380,'Helen','Lawson','hlawsonaj@github.com','5142 Ramsey Avenue','F','1966-07-31','26231209',1321322,9002),(381,'Randy','Shaw','rshawak@apache.org','98430 Granby Alley','M','1976-09-28','47966141',1613728,9004),(382,'Ralph','Stanley','rstanleyal@amazon.co.jp','84 Dorton Circle','M','1966-12-08','81951718',406057,9002),(383,'Bobby','Robertson','brobertsonam@dedecms.com','559 Hermina Way','M','1983-03-08','85998750',1702115,9002),(384,'Joseph','Williams','jwilliamsan@uiuc.edu','5051 Buhler Junction','M','1980-11-13','27770185',325438,9005),(385,'Mary','Miller','mmillerao@paypal.com','6 Little Fleur Terrace','F','1979-08-26','52612311',751941,9001),(386,'Anne','Harris','aharrisap@posterous.com','426 Lake View Court','F','1989-05-19','46329019',984655,9002),(387,'Rose','Walker','rwalkeraq@microsoft.com','79947 Kensington Hill','F','1972-01-04','25276197',1242344,9001),(388,'James','Robertson','jrobertsonar@statcounter.com','6625 Northridge Street','M','1955-06-01','01711781',942988,9005),(389,'Barbara','Hill','bhillas@uiuc.edu','38651 Graedel Court','F','1983-12-01','32058722',2047955,9001),(390,'Robert','Mccoy','rmccoyat@senate.gov','2858 East Drive','M','1961-09-19','53725580',276021,9004),(391,'Laura','Barnes','lbarnesau@furl.net','5756 Hermina Crossing','F','1954-08-31','79699540',1712062,9000),(392,'Anne','Reid','areidav@cam.ac.uk','593 Hoard Avenue','F','1951-05-30','01195261',1131786,9003),(393,'Kimberly','Watkins','kwatkinsaw@abc.net.au','1243 Novick Crossing','F','1964-10-20','78517485',503596,9003),(394,'Elizabeth','Ramirez','eramirezax@microsoft.com','9 American Ash Terrace','F','1982-08-28','71279705',1160753,9000),(395,'Jennifer','Lopez','jlopezay@1und1.de','524 Duke Crossing','F','1977-01-10','06612513',702758,9003),(396,'Teresa','Thomas','tthomasaz@ycombinator.com','185 Moose Drive','F','1958-04-29','65061411',1931174,9002),(397,'Christopher','Hernandez','chernandezb0@goo.ne.jp','1 Buhler Pass','M','1958-02-05','00355803',1341795,9005),(398,'Betty','Hall','bhallb1@nifty.com','6832 Forest Dale Park','F','1968-06-07','97966294',1742539,9005),(399,'Martha','Ryan','mryanb2@reddit.com','6 Brentwood Crossing','F','1971-06-18','24780009',516877,9002),(400,'Samuel','Sullivan','ssullivanb3@thetimes.co.uk','3781 Lerdahl Circle','M','1980-03-10','30397639',332344,9003),(401,'Amanda','Wood','awoodb4@nbcnews.com','6941 Parkside Road','F','1953-05-03','63168744',986458,9000),(402,'Sandra','Foster','sfosterb5@eepurl.com','9638 Jay Way','F','1969-04-05','61545119',1459553,9002),(403,'Emily','Moreno','emorenob6@prnewswire.com','2357 Fuller Center','F','1964-06-28','06937908',1103113,9004),(404,'Charles','Burke','cburkeb7@huffingtonpost.com','8507 Lien Lane','M','1956-01-10','47233187',1321467,9001),(405,'Kimberly','Burke','kburkeb8@archive.org','97 Harbort Center','F','1964-04-11','15469244',2184388,9005),(406,'Kathy','Chapman','kchapmanb9@cmu.edu','3 Pond Crossing','F','1962-03-30','83615399',704233,9004),(407,'Nicole','Thomas','nthomasba@webmd.com','2 High Crossing Trail','F','1960-07-05','22224874',1746918,9005),(408,'Fred','Roberts','frobertsbb@house.gov','85137 Bay Crossing','M','1981-02-13','46506430',2111010,9004),(409,'Henry','Stevens','hstevensbc@shutterfly.com','946 Birchwood Hill','M','1979-04-26','25263345',1366214,9001),(410,'Steven','Sanchez','ssanchezbd@google.de','767 Reindahl Junction','M','1962-03-19','06653478',1777706,9001),(411,'Maria','Watson','mwatsonbe@admin.ch','4574 Lindbergh Alley','F','1971-08-26','42844663',2418362,9000),(412,'Katherine','Robertson','krobertsonbf@google.nl','325 Bartelt Parkway','F','1989-05-22','99093606',1335607,9004),(413,'Heather','Webb','hwebbbg@ftc.gov','9 Troy Road','F','1971-09-17','47356645',1101482,9005),(414,'Lois','Williamson','lwilliamsonbh@icio.us','2 Tomscot Street','F','1952-04-19','50286134',1942987,9003),(415,'Henry','Clark','hclarkbi@hatena.ne.jp','5254 Kinsman Junction','M','1989-11-13','68853681',538468,9003),(416,'Susan','Austin','saustinbj@sitemeter.com','71 Glendale Drive','F','1953-02-25','45320570',407906,9005),(417,'David','Owens','dowensbk@xinhuanet.com','0173 Susan Circle','M','1980-04-27','98816581',1360846,9001),(418,'Jerry','Butler','jbutlerbl@prnewswire.com','1 Vidon Road','M','1968-05-09','04472444',483799,9004),(419,'Rebecca','Butler','rbutlerbm@posterous.com','170 Pennsylvania Circle','F','1985-05-22','86402935',2158225,9001),(420,'Diana','Green','dgreenbn@arstechnica.com','93825 Thierer Pass','F','1955-12-07','04270551',1588040,9002),(421,'Jacqueline','Ford','jfordbo@merriam-webster.com','6 Mallory Street','F','1986-04-15','75732252',2160051,9005),(422,'Julia','Harris','jharrisbp@nbcnews.com','08 Packers Street','F','1956-02-24','64514911',1820706,9001),(423,'Patricia','Dunn','pdunnbq@opera.com','5 Sunfield Road','F','1956-10-23','42245034',1887223,9004),(424,'Fred','Phillips','fphillipsbr@delicious.com','7657 Golden Leaf Street','M','1956-07-18','68568260',397559,9001),(425,'Pamela','Sanders','psandersbs@elegantthemes.com','6 Butterfield Circle','F','1980-06-30','85677337',2030796,9000),(426,'Alice','Alvarez','aalvarezbt@hud.gov','1 Larry Parkway','F','1966-08-13','75017797',822226,9000),(427,'Henry','Wilson','hwilsonbu@slashdot.org','996 Mitchell Lane','M','1961-10-11','66989550',2303544,9000),(428,'Aaron','Smith','asmithbv@indiegogo.com','57463 Farwell Street','M','1955-01-28','61233766',1289318,9001),(429,'Julia','Flores','jfloresbw@bandcamp.com','5437 Donald Court','F','1950-03-02','27830318',1417339,9000),(430,'Patrick','Ryan','pryanbx@tripod.com','708 Moland Center','M','1988-01-02','80231956',739071,9002),(431,'Jose','Johnson','jjohnsonby@posterous.com','57 Londonderry Parkway','M','1965-07-21','65337803',891646,9001),(432,'Ruby','Woods','rwoodsbz@ifeng.com','48355 Oak Park','F','1975-02-24','45023464',850364,9001),(433,'Sean','Duncan','sduncanc0@ow.ly','89336 Springs Crossing','M','1955-12-04','32140763',1943960,9005),(434,'Dorothy','Hart','dhartc1@cmu.edu','754 Delaware Junction','F','1952-03-21','27685942',880694,9002),(435,'Lois','Thomas','lthomasc2@google.ca','39079 Northview Drive','F','1952-04-19','25382862',2057978,9002),(436,'Stephen','Hamilton','shamiltonc3@jalbum.net','53895 Lighthouse Bay Parkway','M','1984-03-08','53936873',2011513,9000),(437,'Frank','Black','fblackc4@pen.io','293 Clove Center','M','1959-11-11','60560516',1321764,9004),(438,'Alice','Riley','arileyc5@dmoz.org','8212 Autumn Leaf Trail','F','1960-05-23','99390083',2493356,9003),(439,'Mildred','Stanley',NULL,'9019 Bluestem Street','F','1953-12-10','16510925',1985797,9003),(440,'Norma','Mccoy','nmccoyc7@cdbaby.com','9 Esch Avenue','F','1988-06-12','99769130',273115,9004),(441,'Evelyn','Fernandez','efernandezc8@google.de','2375 Beilfuss Park','F','1984-08-15','66724372',785581,9000),(442,'Denise','Kelly','dkellyc9@e-recht24.de','4 Cordelia Drive','F','1962-06-15','85861170',2006208,9002),(443,'Martin','Adams','madamsca@independent.co.uk','9 Mallory Point','M','1969-07-24','64762763',1856261,9001),(444,'Sean','Parker','sparkercb@studiopress.com','10 Bellgrove Plaza','M','1956-04-08','69361144',487631,9003),(445,'Bruce','Parker','bparkercc@mysql.com','6 Pond Avenue','M','1985-05-05','76596362',1079507,9003),(446,'Kimberly','Gonzales','kgonzalescd@seattletimes.com','90551 Fordem Alley','F','1962-06-18','36358422',859331,9001),(447,'Shirley','Elliott','selliottce@soup.io','13204 Eliot Hill','F','1980-11-03','83547532',305266,9002),(448,'Eugene','Hughes','ehughescf@privacy.gov.au','35157 Kedzie Pass','M','1963-12-13','10389299',336853,9002),(449,'Joe','Wheeler','jwheelercg@w3.org','8 Ruskin Plaza','M','1965-04-24','34298385',844946,9005),(450,'Ann','Cook','acookch@wired.com','99702 Springs Trail','F','1952-08-04','03905593',1646942,9002),(451,'Anna','Mitchell','amitchellci@goo.gl','4 Gulseth Crossing','F','1950-11-21','18363356',770863,9005),(452,'Charles','Young','cyoungcj@ucla.edu','4 Washington Court','M','1965-10-08','13982209',1478279,9002),(453,'Ruth','Walker','rwalkerck@cnet.com','1116 Brown Alley','F','1969-07-09','82869532',1477663,9004),(454,'Andrea','Day','adaycl@washingtonpost.com','0 Pankratz Center','F','1974-09-09',NULL,1253527,9000),(455,'Nancy','Green','ngreencm@bloomberg.com','145 Hansons Street','F','1963-11-03','71159516',1517722,9004),(456,'Daniel','Rivera','driveracn@omniture.com','60 Chive Lane','M','1954-10-02','35440303',2226483,9003),(457,'Susan','Mccoy','smccoyco@pinterest.com','6848 Chive Trail','F','1973-11-23','78730146',1713289,9000),(458,'David','Campbell','dcampbellcp@cloudflare.com','4913 School Way','M','1978-02-08','75881379',503149,9004),(459,'Marilyn','Berry','mberrycq@reddit.com','5586 Eastlawn Center','F','1962-02-14','73290213',1522883,9002),(460,'Andrea','Garza','agarzacr@baidu.com','729 Londonderry Lane','F','1983-05-05','79179384',1926010,9003),(461,'Jane','Hall','jhallcs@people.com.cn','49583 Bluestem Alley','F','1981-11-02','86294016',1615993,9001),(462,'Brenda','Cruz','bcruzct@theglobeandmail.com','840 Granby Junction','F','1967-11-08','60344396',708682,9003),(463,'Andrea','Mason','amasoncu@telegraph.co.uk','1825 Jay Court','F','1972-11-05','19548383',2071970,9000),(464,'Philip','Weaver','pweavercv@wix.com','09 Eastwood Crossing','M','1975-03-13','12738357',564121,9000),(465,'Bonnie','Bradley','bbradleycw@prnewswire.com','24003 Grover Pass','F','1969-01-22','49426916',1548487,9003),(466,'Raymond','Sims','rsimscx@symantec.com','95 Blue Bill Park Road','M','1989-11-04',NULL,2106095,9005),(467,'Randy','Patterson','rpattersoncy@amazonaws.com','473 Colorado Terrace','M','1953-03-19','30196233',1608028,9004),(468,'Johnny','Mccoy','jmccoycz@t-online.de','0732 Corben Terrace','M','1988-04-19','73715836',409328,9001),(469,'Paul','Dunn','pdunnd0@ucla.edu','74242 Manitowish Road','M','1981-12-24','30921470',2493262,9000),(470,'Daniel','Romero','dromerod1@hexun.com','6 Blackbird Street','M','1979-10-06','81796076',1604111,9002),(471,'Dennis','Stephens','dstephensd2@webs.com','3299 Lighthouse Bay Road','M','1981-11-27','42554829',1419520,9001),(472,'Christina','Holmes','cholmesd3@sbwire.com','8212 Little Fleur Parkway','F','1982-10-13','76491737',1533462,9005),(473,'Sharon','Rodriguez','srodriguezd4@apache.org','76054 Independence Lane','F','1966-06-28','08047936',480122,9001),(474,'Stephanie','Montgomery','smontgomeryd5@boston.com','731 Carioca Trail','F','1982-10-01','00394003',718297,9001),(475,'Robin','Mason','rmasond6@japanpost.jp','5101 Surrey Trail','F','1968-02-17','91238135',1332369,9005),(476,'Pamela','Bell','pbelld7@si.edu','90 Packers Circle','F','1961-02-27','75206732',1228470,9001),(477,'Shirley','Sullivan','ssullivand8@virginia.edu','9578 Linden Alley','F','1973-11-26','76221394',1757661,9004),(478,'Jane','Garza','jgarzad9@i2i.jp','1 Monterey Point','F','1963-01-31','15538783',1088261,9003),(479,'Victor','Berry','vberryda@accuweather.com','2 Basil Center','M','1954-02-22','63425746',823023,9005),(480,'Cheryl','Armstrong','carmstrongdb@over-blog.com','09 Arizona Hill','F','1979-06-10','67249327',1593093,9001),(481,'Arthur','Wheeler','awheelerdc@delicious.com','3864 Crest Line Place','M','1961-07-24','10070599',1236371,9005),(482,'Samuel','Lewis','slewisdd@marriott.com','74 Pennsylvania Way','M','1955-06-26','43241121',1025494,9001),(483,'Jack','Lee','jleede@independent.co.uk','4 Melby Center','M','1985-03-24','77668787',2383496,9005),(484,'Christopher','Welch','cwelchdf@bluehost.com','0934 Crest Line Hill','M','1978-01-16','51287322',2160106,9002),(485,'Martin','Cruz','mcruzdg@columbia.edu','9497 Harbort Alley','M','1974-04-17','30750654',1740407,9004),(486,'Amy','Fields','afieldsdh@reddit.com','7053 Glacier Hill Avenue','F','1975-12-05','95983263',1162448,9003),(487,'Paula','Mason','pmasondi@utexas.edu','9 Vidon Crossing','F','1979-09-20','34736506',1878712,9002),(488,'Betty','Cole','bcoledj@hud.gov','66 Reindahl Point','F','1967-10-06','82868267',727443,9003),(489,'Denise','Gordon','dgordondk@amazon.co.uk','096 Division Center','F','1957-10-11','18145433',1107106,9001),(490,'Paul','Hunt','phuntdl@shutterfly.com','9 Green Place','M','1969-03-23','33052868',860738,9001),(491,'Anthony','Stanley','astanleydm@pbs.org','744 Waxwing Alley','M','1963-04-01','57786960',1462722,9002),(492,'Carlos','Hart','chartdn@list-manage.com','50 Jana Center','M','1951-06-10','34303688',401860,9001),(493,'Stephen','Lewis','slewisdo@fc2.com','78 Milwaukee Plaza','M','1965-07-05','79900431',1469286,9003),(494,'Debra','Sims','dsimsdp@google.pl','9 Ronald Regan Drive','F','1970-10-14','83226662',568956,9004),(495,'Andrew','Simpson','asimpsondq@issuu.com','5532 Lotheville Court','M','1951-09-06','01454722',1774657,9004),(496,'Mary','Lewis','mlewisdr@yale.edu','409 Warner Center','F','1977-10-19','54972400',1131650,9003),(497,'Kelly','Walker','kwalkerds@tumblr.com','9 Vermont Road','F','1970-01-15','80539056',1509759,9005),(498,'Shawn','Price','spricedt@flavors.me','7 1st Court','M','1979-09-01','81339841',350977,9002),(499,'Tammy','Greene','tgreenedu@gizmodo.com','54363 Hansons Park','F','1954-03-27',NULL,1169786,9000),(500,'Steven','Brown','sbrowndv@shareasale.com','23071 Onsgard Point','M','1973-01-18','29740424',2452525,9001),(501,'Kimberly','Ryan','kryandw@columbia.edu','62001 Thierer Place','F','1969-01-14','92382718',1990069,9005),(502,'Harold','Snyder','hsnyderdx@hao123.com','8 Miller Street','M','1978-11-18','48973283',1236593,9003),(503,'Sarah','Thompson','sthompsondy@lycos.com','2 Sycamore Circle','F','1960-06-25','43173742',1055746,9003),(504,'Steve','Green','sgreendz@rakuten.co.jp','5 Old Gate Way','M','1989-02-26','42848214',2201039,9000),(505,'Bruce','Williams','bwilliamse0@technorati.com','50327 Surrey Road','M','1957-08-31','28258251',1455686,9005),(506,'Maria','Johnson','mjohnsone1@tinypic.com','9950 Golden Leaf Parkway','F','1982-02-02','46731751',1393910,9002),(507,'Anne','Carroll','acarrolle2@usnews.com','77395 Sunfield Alley','F','1963-01-31','63091389',2357321,9003),(508,'Jimmy','Bell','jbelle3@sohu.com','37 Carioca Crossing','M','1978-05-12','53652786',333980,9003),(509,'Susan','Wallace','swallacee4@sciencedaily.com','2 Burning Wood Drive','F','1977-04-20','41121841',862416,9005),(510,'Walter','Holmes','wholmese5@amazonaws.com','29 Crownhardt Drive','M','1952-04-29','11390216',1812228,9002),(511,'Daniel','Mason','dmasone6@hatena.ne.jp','553 Pond Center','M','1964-09-20','07908862',1674415,9004),(512,'Susan','West','sweste7@amazon.com','46509 Lunder Avenue','F','1973-11-03','39826584',2251491,9005),(513,'Kathleen','Berry','kberrye8@mozilla.org','5453 Boyd Way','F','1963-01-24','23379022',2412485,9002),(514,'Mildred','Riley','mrileye9@weibo.com','9 Charing Cross Court','F','1980-11-01','26679411',1695517,9001),(515,'Fred','Jackson','fjacksonea@squarespace.com','43 Beilfuss Drive','M','1986-12-15','16185818',2277488,9005),(516,'Ashley','Schmidt','aschmidteb@myspace.com','924 Fulton Trail','F','1987-02-27','59135588',1173561,9000),(517,'Howard','Larson','hlarsonec@exblog.jp','94 Grim Hill','M','1972-08-25','79596974',1026507,9003),(518,'Maria','Henry','mhenryed@diigo.com','04953 Claremont Point','F','1981-09-25','26420347',896589,9004),(519,'Gerald','Harrison','gharrisonee@google.es','35718 Darwin Place','M','1957-03-15','02144913',2024894,9001),(520,'Amy','King','akingef@privacy.gov.au','4 Grover Court','F','1967-08-07','89518626',1023093,9002),(521,'Matthew','Griffin','mgriffineg@whitehouse.gov','801 Bunting Alley','M','1969-10-03','95384724',601018,9000),(522,'Earl','Reyes','ereyeseh@cargocollective.com','93153 David Court','M','1972-02-18','11961372',2051404,9002),(523,'Betty','Turner','bturnerei@weebly.com','59954 Goodland Point','F','1951-03-10','75897612',2256923,9003),(524,'Timothy','Lynch','tlynchej@hostgator.com','92 Summit Drive','M','1977-07-02','18182228',914539,9005),(525,'Mary','Hayes','mhayesek@gmpg.org','2525 Carberry Drive','F','1951-10-14','87675176',2142874,9004),(526,'Roger','Mcdonald','rmcdonaldel@admin.ch','59145 Eastlawn Place','M','1973-10-01','80893548',1845566,9001),(527,'Shirley','Mcdonald','smcdonaldem@mail.ru','8 8th Plaza','F','1952-12-31','77696601',681806,9004),(528,'Phyllis','Kennedy','pkennedyen@wufoo.com','11174 Melody Avenue','F','1982-04-23','57245624',2215963,9002),(529,'Andrew','Mills','amillseo@goodreads.com','38208 Marquette Center','M','1960-09-02','18980935',907771,9000),(530,'Raymond','Ruiz','rruizep@twitter.com','24412 Barnett Drive','M','1982-03-16','79916644',1437126,9004),(531,'Kelly','Butler','kbutlereq@alexa.com','58234 Del Sol Trail','F','1973-02-14','92642171',715678,9005),(532,'Doris','Crawford','dcrawforder@so-net.ne.jp','55 Susan Hill','F','1968-12-04','53232050',1875938,9003),(533,'Linda','Bailey','lbaileyes@ow.ly','29 Algoma Alley','F','1973-07-07','41035756',935534,9000),(534,'Richard','Bennett','rbennettet@ycombinator.com','481 Anhalt Hill','M','1981-07-16','49992537',2270525,9002),(535,'Arthur','Olson','aolsoneu@ameblo.jp','372 Bunting Plaza','M','1977-12-19','24949169',2022964,9000),(536,'Aaron','Simmons','asimmonsev@ning.com','13 Schlimgen Alley','M','1963-11-06','51128257',1731328,9002),(537,'Phyllis','Ruiz','pruizew@vistaprint.com','1 Arizona Place','F','1963-08-02','52555548',1965809,9005),(538,'Nicole','Cunningham','ncunninghamex@ebay.co.uk','71378 Carey Street','F','1955-09-21','34229022',2310922,9002),(539,'Phillip','Webb','pwebbey@usgs.gov','9 Arapahoe Parkway','M','1978-10-07','70003740',1428817,9002),(540,'Lillian','Young','lyoungez@tuttocitta.it','173 Forster Alley','F','1974-11-08','04424174',2190994,9002),(541,'Wanda','Owens','wowensf0@amazonaws.com','061 Merchant Junction','F','1965-03-18','43403654',2036361,9005),(542,'Douglas','Chavez','dchavezf1@kickstarter.com','225 Raven Drive','M','1957-06-25','61653069',1372402,9003),(543,'Norma','Payne','npaynef2@bigcartel.com','559 Mendota Way','F','1966-02-01','70964285',1443409,9001),(544,'Angela','Harper','aharperf3@disqus.com','7097 7th Way','F','1953-12-19','08221307',1712151,9003),(545,'Marilyn','Mills','mmillsf4@shareasale.com','3716 Old Shore Lane','F','1968-09-08','66010540',268784,9001),(546,'Jessica','Patterson','jpattersonf5@squidoo.com','87 Rieder Way','F','1971-04-27','13511595',1995938,9005),(547,'Amy','Murray','amurrayf6@hibu.com','1194 Erie Crossing','F','1979-08-14','76580981',384482,9004),(548,'Margaret','Cunningham','mcunninghamf7@irs.gov','111 Mesta Plaza','F','1959-02-05','67208147',1998996,9004),(549,'Arthur','Bailey','abaileyf8@sohu.com','42 Harper Plaza','M','1957-05-09','71714976',1026227,9003),(550,'Pamela','Berry','pberryf9@miitbeian.gov.cn','9250 Stoughton Point','F','1961-08-01','69713547',2342731,9000),(551,'Johnny','Miller','jmillerfa@omniture.com','9515 Canary Point','M','1987-03-30','93362168',1593349,9000),(552,'Craig','Daniels','cdanielsfb@wp.com','9 6th Parkway','M','1977-07-17','96313072',1079955,9005),(553,'Jacqueline','Medina','jmedinafc@arizona.edu','50 High Crossing Center','F','1965-10-30','68681390',2380310,9000),(554,'Gerald','Reyes','greyesfd@spiegel.de','174 Hooker Court','M','1984-08-31','30743652',2493956,9001),(555,'Henry','Garrett','hgarrettfe@addthis.com','0638 Holmberg Hill','M','1954-01-11','13030532',2213043,9001),(556,'Alice','Morris','amorrisff@tinyurl.com','15791 Schlimgen Plaza','F','1950-01-16','83791553',294356,9001),(557,'Jessica','Ryan','jryanfg@arstechnica.com','72 Prentice Crossing','F','1954-10-28',NULL,2095465,9004),(558,'Craig','Murray','cmurrayfh@yandex.ru','7 8th Way','M','1955-06-07','09944969',471354,9000),(559,'Walter','Hansen','whansenfi@icq.com','5212 Bashford Park','M','1969-10-18','15008825',588212,9001),(560,'Andrew','Kelley','akelleyfj@geocities.jp','36528 Village Green Center','M','1979-10-20','02452980',988809,9005),(561,'Jesse','Bradley','jbradleyfk@unicef.org','409 Barnett Circle','M','1981-02-04','01977791',2354559,9001),(562,'Ralph','Kelley','rkelleyfl@state.tx.us','7 Oxford Junction','M','1958-05-30',NULL,721739,9005),(563,'Gerald','Flores','gfloresfm@smh.com.au','8 Esker Place','M','1957-08-12','41862564',2345337,9000),(564,'Craig','Barnes','cbarnesfn@zimbio.com','20 Grim Trail','M','1967-02-07','56889024',1628875,9005),(565,'Lois','Hunt','lhuntfo@earthlink.net','0209 Oakridge Court','F','1956-07-12','70064711',1417992,9002),(566,'Adam','Carr','acarrfp@google.co.uk','65 Canary Terrace','M','1966-12-19','80752320',767359,9004),(567,'Janice','Cruz','jcruzfq@narod.ru','6490 Del Mar Crossing','F','1967-02-20','20694357',1663917,9003),(568,'Shawn','Frazier','sfrazierfr@examiner.com','36554 Merchant Hill','M','1964-04-06','87478480',2268270,9000),(569,'Ann','Sanchez',NULL,'9 Talisman Plaza','F','1968-12-18','93943192',1220631,9005),(570,'Donna','Austin','daustinft@nytimes.com','74659 Kropf Center','F','1983-12-17','87612330',1606133,9001),(571,'Frank','Stone','fstonefu@furl.net','6 Sachtjen Way','M','1982-01-21','61407894',963801,9004),(572,'Harry','Hunt','hhuntfv@wikimedia.org','0 Granby Park','M','1975-04-15','42002504',992696,9004),(573,'Diane','Stephens','dstephensfw@sciencedaily.com','7 Boyd Plaza','F','1953-11-01','85372979',695795,9005),(574,'Brandon','Alexander','balexanderfx@ehow.com','0109 Village Green Street','M','1968-10-04','58992739',1596478,9003),(575,'Ralph','Richards','rrichardsfy@livejournal.com','2 Pawling Crossing','M','1973-01-04','67056276',1431356,9005),(576,'Sara','Johnston','sjohnstonfz@techcrunch.com','5 Shasta Plaza','F','1963-11-16','57440382',2255776,9001),(577,'Robert','Medina','rmedinag0@tuttocitta.it','49161 David Lane','M','1984-10-08','05629897',2234964,9004),(578,'Kathleen','Wilson','kwilsong1@nba.com','9 Bayside Point','F','1988-04-15','88155578',1687677,9000),(579,'William','Rose','wroseg2@businessinsider.com','0159 Northwestern Center','M','1967-05-31','42621219',1945256,9002),(580,'Rose','Chapman','rchapmang3@vkontakte.ru','1 Atwood Hill','F','1963-04-10','92921135',582346,9005),(581,'Thomas','Green','tgreeng4@mtv.com','78728 Redwing Court','M','1978-04-09','38800362',473496,9004),(582,'Keith','Edwards','kedwardsg5@who.int','170 Oneill Court','M','1954-06-13','54475132',1689106,9005),(583,'Doris','Meyer','dmeyerg6@joomla.org','78 Brentwood Center','F','1978-02-11','80098048',1053286,9001),(584,'Charles','Wood','cwoodg7@symantec.com','45 Lakeland Park','M','1953-11-08','88335174',1349531,9004),(585,'Jane','Franklin','jfrankling8@hc360.com','0066 Katie Road','F','1980-12-12','60559028',1558933,9005),(586,'Eugene','Dixon','edixong9@cornell.edu','6 Sutherland Parkway','M','1975-10-05','32803447',743982,9005),(587,'Jonathan','Turner','jturnerga@washingtonpost.com','379 Elmside Crossing','M','1968-01-15','41539602',1469300,9002),(588,'Stephanie','Torres','storresgb@flickr.com','89171 5th Place','F','1953-10-03','07673290',598667,9000),(589,'Julie','Morgan','jmorgangc@harvard.edu','70717 Muir Street','F','1970-02-27','32077384',893334,9004),(590,'Harry','Phillips','hphillipsgd@woothemes.com','9 Eggendart Junction','M','1959-05-18','22660495',2048924,9003),(591,'Louis','Romero','lromeroge@microsoft.com','4979 Becker Circle','M','1989-06-17','10628694',1510097,9001),(592,'Ashley','Hart','ahartgf@xinhuanet.com','02737 Lighthouse Bay Court','F','1985-02-09','02991719',2374734,9005),(593,'John','Nichols','jnicholsgg@blogs.com','41 Forest Dale Crossing','M','1973-06-19','72253361',317882,9004),(594,'Jacqueline','Barnes','jbarnesgh@squarespace.com','30527 Di Loreto Park','F','1957-05-10','65572248',1006872,9001),(595,'James','Morales','jmoralesgi@hugedomains.com','14099 Prairieview Crossing','M','1978-01-17','59811856',1478462,9002),(596,'Jane','Hernandez','jhernandezgj@livejournal.com','6 Farmco Crossing','F','1956-11-04','81902105',1398135,9000),(597,'Patrick','Ford','pfordgk@webmd.com','3 Graceland Court','M','1962-10-01','55987872',541577,9004),(598,'Howard','Adams','hadamsgl@angelfire.com','38 Lindbergh Center','M','1965-09-26','05302534',1526180,9003),(599,'Dorothy','Frazier','dfraziergm@usda.gov','73686 Westridge Terrace','F','1958-04-10','36199618',1118793,9003),(600,'Sharon','Lane','slanegn@businessweek.com','878 Spaight Point','F','1964-07-27',NULL,760077,9002),(601,'Alice','Long','alonggo@nbcnews.com','6 Heffernan Lane','F','1977-01-02','92314710',746934,9002),(602,'Marilyn','Spencer','mspencergp@goodreads.com','70267 Mccormick Drive','F','1978-02-13','67595569',2158011,9003),(603,'Ashley','Hart','ahartgq@trellian.com','28156 7th Center','F','1958-04-16','07766641',1588484,9004),(604,'Janice','Ford','jfordgr@earthlink.net','252 Mayer Circle','F','1952-12-26','99977458',2230887,9003),(605,'Norma','Simpson','nsimpsongs@prweb.com','145 Moose Junction','F','1956-05-04','31830495',1655793,9000),(606,'Jeffrey','Bailey','jbaileygt@facebook.com','4259 Bay Lane','M','1987-09-27','29397092',353933,9000),(607,'Kathy','Ellis',NULL,'16 Oxford Hill','F','1959-07-13','69496023',1119665,9005),(608,'Richard','Lewis','rlewisgv@stumbleupon.com','3192 Heath Center','M','1969-03-13','86845949',861718,9004),(609,'David','Bryant','dbryantgw@people.com.cn','34 Moland Hill','M','1984-05-05','76616362',1524201,9002),(610,'Doris','Burns','dburnsgx@stanford.edu','559 Harper Circle','F','1975-12-20','23744303',735553,9003),(611,'Michael','Simpson','msimpsongy@bbc.co.uk','98935 Melby Drive','M','1970-02-13','12868405',2071651,9003),(612,'Aaron','Kelley','akelleygz@tiny.cc','9922 Hintze Circle','M','1953-04-03','91705295',2223498,9001),(613,'Walter','Harris','wharrish0@nasa.gov','410 Main Way','M','1985-08-10','29331198',1561740,9003),(614,'Willie','George','wgeorgeh1@vimeo.com','320 Golden Leaf Lane','M','1978-08-07','32916824',1213055,9004),(615,'Wayne','Morris','wmorrish2@prlog.org','28818 Prentice Pass','M','1967-05-29','46222414',1329031,9002),(616,'Theresa','Morris','tmorrish3@mit.edu','6554 Merchant Parkway','F','1953-06-13','69771150',2002664,9002),(617,'Annie','Palmer','apalmerh4@google.ca','01957 Granby Lane','F','1976-11-28','06530913',2246177,9005),(618,'Laura','Coleman','lcolemanh5@technorati.com','7257 Vera Center','F','1950-03-09','87677167',2216348,9004),(619,'Paul','Knight','pknighth6@patch.com','20335 Di Loreto Terrace','M','1961-10-14','66583592',1098477,9005),(620,'Sarah','Webb','swebbh7@economist.com','09221 Mifflin Junction','F','1958-10-13','56444105',2398188,9005),(621,'Edward','Reyes','ereyesh8@tinyurl.com','594 Waxwing Way','M','1972-06-02','44505324',2013986,9005),(622,'Willie','Cunningham','wcunninghamh9@harvard.edu','8 Mayer Center','M','1982-01-31','46762555',1374948,9000),(623,'Tammy','Jones','tjonesha@booking.com','619 Maryland Lane','F','1974-09-12','17117178',931246,9005),(624,'Jennifer','Payne','jpaynehb@unc.edu','1015 Dennis Parkway','F','1985-08-13','74125767',1615342,9002),(625,'Laura','Medina','lmedinahc@friendfeed.com','2 Lake View Circle','F','1976-01-03','36422838',2282364,9003),(626,'Ralph','Martinez','rmartinezhd@seesaa.net','46568 Londonderry Point','M','1950-07-14','76140830',1069584,9004),(627,'Sharon','Wagner','swagnerhe@telegraph.co.uk','6856 Holmberg Terrace','F','1989-09-25',NULL,2476585,9003),(628,'Diana','Dean','ddeanhf@icio.us','3 Roth Plaza','F','1981-01-06','42545840',512611,9002),(629,'Ernest','Ryan','eryanhg@google.ca','830 Tony Trail','M','1978-10-19',NULL,1161487,9003),(630,'Lawrence','Wilson','lwilsonhh@php.net','04 Arkansas Center','M','1952-07-01','16959814',832973,9003),(631,'Douglas','Morrison','dmorrisonhi@jugem.jp','472 Holmberg Alley','M','1957-01-25','06700427',1616575,9002),(632,'Roger','Reyes','rreyeshj@cisco.com','35 Esker Alley','M','1954-08-26','76703039',1509019,9000),(633,'William','Ramos','wramoshk@etsy.com','88 Judy Crossing','M','1972-06-01','47306176',1376979,9000),(634,'Martin','Harper','mharperhl@mozilla.com','76489 Artisan Road','M','1974-04-22','65201029',986485,9000),(635,'Gloria','Matthews','gmatthewshm@google.com.au','537 Cody Court','F','1963-05-29','57770334',1939699,9004),(636,'Steven','Bryant','sbryanthn@example.com','4 Spaight Road','M','1950-12-16','01559362',795756,9002),(637,'Paula','Gutierrez','pgutierrezho@unc.edu','34 Dixon Court','F','1961-08-08','79310488',1455398,9003),(638,'Stephanie','Howell','showellhp@purevolume.com','6259 Red Cloud Center','F','1963-04-21','32334147',1070290,9001),(639,'Kelly','Price','kpricehq@redcross.org','17250 Eagan Center','F','1976-07-11','38655346',2133693,9002),(640,'Walter','Hernandez','whernandezhr@boston.com','743 Boyd Point','M','1952-05-18','75383148',421559,9003),(641,'Henry','Hart','hharths@livejournal.com','5736 Comanche Place','M','1978-06-16','52969578',1203255,9004),(642,'Katherine','Dean','kdeanht@hexun.com','7671 Westridge Lane','F','1982-03-28','23375403',2172160,9005),(643,'Janet','Oliver','joliverhu@bluehost.com','156 Summerview Terrace','F','1954-10-04','41709100',496182,9003),(644,'Bonnie','Freeman','bfreemanhv@deviantart.com','92338 Nelson Crossing','F','1976-05-28','67530485',674348,9004),(645,'Aaron','Allen','aallenhw@clickbank.net','6 Hanover Junction','M','1965-01-18','07871710',380616,9000),(646,'Kathleen','Stanley','kstanleyhx@army.mil','1 Bartelt Alley','F','1979-07-31','15502265',2245982,9000),(647,'Carolyn','Arnold','carnoldhy@bigcartel.com','4 Thierer Circle','F','1956-09-26','92861853',1221073,9000),(648,'Lillian','Powell','lpowellhz@boston.com','00 Mesta Court','F','1953-10-26','25882450',1959314,9002),(649,'Peter','Riley','prileyi0@joomla.org','1 Springs Point','M','1970-04-20','54882771',2132795,9004),(650,'Kelly','Watkins','kwatkinsi1@springer.com','7113 Summer Ridge Crossing','F','1974-02-06','41590790',1141960,9000),(651,'Willie','Wright','wwrighti2@goodreads.com','48 Lukken Street','M','1973-05-11','88148342',1898714,9001),(652,'Paula','Hansen','phanseni3@wikipedia.org','4 Sauthoff Park','F','1950-02-10','86383566',1449247,9002),(653,'Emily','Garza','egarzai4@flavors.me','872 Mccormick Avenue','F','1987-04-29','92057160',2111902,9003),(654,'Larry','Carter','lcarteri5@ocn.ne.jp','64 Coolidge Circle','M','1978-07-31','54326031',860706,9005),(655,'Angela','Barnes','abarnesi6@stumbleupon.com','12218 Petterle Pass','F','1983-11-09','46953815',720954,9003),(656,'Martin','Lane','mlanei7@unblog.fr','32091 North Pass','M','1950-09-06','49920665',2461769,9003),(657,'Joseph','Reyes','jreyesi8@yale.edu','3008 Myrtle Terrace','M','1981-12-27','45938846',1574995,9005),(658,'Cynthia','Fowler','cfowleri9@shutterfly.com','27 Ramsey Alley','F','1983-05-07','32368483',1965897,9001),(659,'Donna','Morris',NULL,'21 Messerschmidt Alley','F','1955-01-31','86598486',1388758,9005),(660,'Diana','Knight','dknightib@naver.com','3 Bluejay Crossing','F','1981-05-15','29412340',1726102,9001),(661,'Cynthia','Ray','crayic@cargocollective.com','994 Maple Wood Center','F','1975-03-23','31798975',660385,9000),(662,'Willie','Burton','wburtonid@behance.net','16 Pawling Crossing','M','1952-04-04','84922629',839823,9004),(663,'Angela','Ray','arayie@cornell.edu','257 Aberg Way','F','1965-07-27','00758149',413402,9005),(664,'Cynthia','Stevens','cstevensif@ycombinator.com','042 Arizona Point','F','1957-03-25','85722226',1357271,9000),(665,'Steven','Ray','srayig@bloomberg.com','2548 Dottie Hill','M','1960-01-20','87171046',2162967,9002),(666,'Jeffrey','Bennett','jbennettih@nyu.edu','8102 Oakridge Parkway','M','1982-01-04','23706777',921422,9003),(667,'Alan','Franklin','afranklinii@statcounter.com','79944 Pond Court','M','1956-07-30','94760905',1693672,9004),(668,'Karen','Mccoy','kmccoyij@boston.com','3490 Arrowood Terrace','F','1972-10-08','45323154',410042,9000),(669,'Cynthia','Jacobs','cjacobsik@usatoday.com','411 Rieder Center','F','1983-09-08','76931864',1630187,9001),(670,'Aaron','Taylor','atayloril@bluehost.com','04 Ohio Road','M','1965-02-11','70819504',2359840,9004),(671,'Donald','Thomas','dthomasim@lycos.com','5917 Oxford Plaza','M','1966-07-10','31726963',1303728,9005),(672,'Kathy','Ray','krayin@newyorker.com','1 Leroy Road','F','1971-11-13','11467681',664197,9002),(673,'Billy','Edwards','bedwardsio@bandcamp.com','27 Waxwing Alley','M','1985-03-19','10745120',1991401,9005),(674,'Brian','Lawrence','blawrenceip@ed.gov','807 Autumn Leaf Street','M','1969-05-19','62941287',617338,9005),(675,'William','James','wjamesiq@g.co','23 Rigney Place','M','1971-02-20','67462541',1760205,9001),(676,'John','Chavez','jchavezir@ning.com','92 Summer Ridge Way','M','1983-04-27','33696239',769911,9003),(677,'Maria','Henderson','mhendersonis@reverbnation.com','72 Monument Way','F','1952-08-27','46774892',886191,9005),(678,'Ann','Dean','adeanit@sakura.ne.jp','433 Lighthouse Bay Circle','F','1975-06-20','53458749',2010004,9001),(679,'Melissa','Cooper','mcooperiu@domainmarket.com','11 Westerfield Street','F','1961-05-16','73940732',2293402,9002),(680,'Kathryn','Willis','kwillisiv@cocolog-nifty.com','3692 Shoshone Trail','F','1974-03-27','59963152',594261,9001),(681,'Margaret','Rogers','mrogersiw@jigsy.com','5277 Cherokee Lane','F','1981-03-01',NULL,434682,9001),(682,'Douglas','Mendoza','dmendozaix@multiply.com','587 Sachtjen Alley','M','1979-10-26','12763468',421722,9002),(683,'William','Elliott','welliottiy@odnoklassniki.ru','9 2nd Way','M','1980-02-03','25495734',1420317,9001),(684,'Patricia','Diaz','pdiaziz@slashdot.org','804 Bobwhite Center','F','1979-09-20','24198790',475861,9004),(685,'Denise','Owens','dowensj0@tmall.com','65649 Sugar Hill','F','1968-05-09','29017253',441117,9000),(686,'Angela','Perkins','aperkinsj1@nbcnews.com','63 Cambridge Pass','F','1964-05-16','28633995',2301866,9002),(687,'Peter','Brown','pbrownj2@reuters.com','099 Nevada Way','M','1964-07-21','77219315',371230,9001),(688,'Diana','Chavez','dchavezj3@jiathis.com','27684 Logan Alley','F','1978-12-31','52002340',556617,9000),(689,'Samuel','Hawkins','shawkinsj4@webnode.com','0 Loeprich Crossing','M','1977-11-03','77994288',429697,9002),(690,'David','Howard','dhowardj5@bravesites.com','6225 Petterle Street','M','1962-02-04','96833147',958965,9003),(691,'Nicole','Reyes','nreyesj6@webs.com','252 Vermont Drive','F','1978-11-07','09060693',1665785,9001),(692,'Stephanie','Wheeler','swheelerj7@nhs.uk','12028 Ridgeway Alley','F','1989-04-10','19195354',935010,9001),(693,'Joyce','Freeman','jfreemanj8@spiegel.de','57 Mosinee Terrace','F','1953-06-26','19265666',1631856,9000),(694,'Charles','Webb','cwebbj9@1688.com','23194 Victoria Circle','M','1981-02-14','01082270',2069053,9000),(695,'Doris','Carter','dcarterja@guardian.co.uk','8 Burning Wood Avenue','F','1966-09-16','31632419',1593042,9000),(696,'Johnny','Spencer','jspencerjb@delicious.com','9624 Springs Street','M','1972-10-28','34399663',2072269,9005),(697,'Terry','Tucker','ttuckerjc@eventbrite.com','87 6th Way','M','1969-12-10','17987106',2402394,9005),(698,'Kathy','Day','kdayjd@narod.ru','857 Shoshone Road','F','1957-06-02','37793705',1445853,9001),(699,'Ryan','Daniels','rdanielsje@disqus.com','7421 Cody Avenue','M','1970-05-15','94649247',450411,9003),(700,'Tammy','Burns','tburnsjf@theglobeandmail.com','2260 Sachs Center','F','1961-10-29','34482991',2471869,9000),(701,'Harry','Wheeler','hwheelerjg@google.ca','7430 Londonderry Junction','M','1977-02-19','13163516',902337,9005),(702,'Deborah','Ryan','dryanjh@discovery.com','3426 Farwell Junction','F','1984-08-30','66102065',2231638,9000),(703,'Kenneth','Alvarez','kalvarezji@smh.com.au','40326 Ridge Oak Alley','M','1979-12-14','85141751',1298832,9005),(704,'Frances','Pierce',NULL,'64 8th Circle','F','1975-11-23','05205250',1973348,9004),(705,'Doris','Simmons','dsimmonsjk@list-manage.com','1613 Lerdahl Drive','F','1976-11-11','89132631',2478544,9004),(706,'Robin','Pierce','rpiercejl@flickr.com','64975 Mifflin Circle','F','1960-01-31','06549410',470701,9004),(707,'Phyllis','Franklin','pfranklinjm@google.co.jp','546 Bayside Road','F','1982-06-17','21941877',1081132,9002),(708,'Joe','Torres','jtorresjn@angelfire.com','81936 Meadow Valley Way','M','1989-08-16','22404788',2322782,9003),(709,'Jeremy','Duncan','jduncanjo@sohu.com','95650 Bunting Park','M','1989-03-21','72848265',1428626,9002),(710,'Kevin','Coleman','kcolemanjp@163.com','4 Macpherson Lane','M','1961-01-19','71394775',1764167,9003),(711,'Donna','Henry','dhenryjq@java.com','8 Troy Circle','F','1980-12-27','62869325',1516777,9003),(712,'David','Warren','dwarrenjr@google.co.uk','1 Roxbury Terrace','M','1988-03-29','53690518',2342675,9004),(713,'George','Banks',NULL,'7245 Ronald Regan Way','M','1980-01-25','54062146',1296218,9004),(714,'Wanda','Armstrong','warmstrongjt@webeden.co.uk','5 Kenwood Point','F','1982-12-19','36876704',962942,9002),(715,'Wayne','Burton','wburtonju@dot.gov','35927 Esker Street','M','1962-08-21','63676087',1430452,9003),(716,'George','Collins','gcollinsjv@dyndns.org','4 Surrey Street','M','1979-03-21','94898859',270016,9003),(717,'Gerald','Stone','gstonejw@sourceforge.net','761 Lerdahl Center','M','1973-10-27','05523306',2443697,9005),(718,'Sean','Lane','slanejx@hibu.com','45050 John Wall Alley','M','1971-11-14','72666521',1729025,9000),(719,'Martha','Stone','mstonejy@bing.com','999 Loomis Junction','F','1989-01-03','27961816',1854209,9005),(720,'Sean','Romero','sromerojz@eepurl.com','72451 Waxwing Alley','M','1985-05-07','30662183',753514,9000),(721,'Jessica','Lawson','jlawsonk0@virginia.edu','84852 Oak Valley Lane','F','1951-12-13','05860760',2342536,9003),(722,'Melissa','Adams','madamsk1@shop-pro.jp','29 Moose Place','F','1974-11-11','55084868',1560307,9004),(723,'Alan','Nelson','anelsonk2@sohu.com','2 Caliangt Court','M','1973-08-13','72113445',1944965,9004),(724,'Anna','Ray','arayk3@homestead.com','4834 International Point','F','1970-04-10','39630172',1859423,9004),(725,'Barbara','Woods','bwoodsk4@scribd.com','0983 Judy Junction','F','1987-02-22','40728976',1633571,9004),(726,'Susan','Moreno','smorenok5@friendfeed.com','82591 Evergreen Parkway','F','1958-04-08','89515490',1820114,9001),(727,'Albert','Hanson','ahansonk6@webnode.com','0976 Carey Hill','M','1962-02-11',NULL,1237294,9002),(728,'Gary','Gray','ggrayk7@google.com.hk','952 2nd Circle','M','1989-05-13','05353769',1198305,9005),(729,'Dorothy','Gutierrez','dgutierrezk8@indiatimes.com','18886 Arizona Point','F','1973-04-18','61222683',1874757,9000),(730,'Howard','Hamilton','hhamiltonk9@booking.com','65707 Sloan Court','M','1952-12-16','04345837',1038718,9005),(731,'Christopher','Powell','cpowellka@cargocollective.com','28190 Dexter Court','M','1951-03-21','22434909',2025204,9004),(732,'Cheryl','Sanchez','csanchezkb@amazon.co.uk','58 Northwestern Park','F','1970-11-19','92522364',901980,9005),(733,'John','Medina','jmedinakc@plala.or.jp','52693 Mallory Alley','M','1957-11-04','03949257',1252359,9001),(734,'Michelle','Bennett','mbennettkd@ocn.ne.jp','0 Haas Place','F','1982-05-24','61436461',971004,9000),(735,'Catherine','Coleman','ccolemanke@zdnet.com','9979 Westridge Trail','F','1969-10-24','82219712',1594701,9005),(736,'Keith','Carpenter',NULL,'27052 Almo Road','M','1974-11-11','29163960',580474,9001),(737,'Patricia','George','pgeorgekg@istockphoto.com','1495 Chive Point','F','1965-12-11','31657267',1079080,9003),(738,'Ruby','Andrews','randrewskh@blog.com','433 Browning Court','F','1954-06-11','78149796',1344927,9000),(739,'Jean','Harvey','jharveyki@jimdo.com','85623 Crowley Lane','F','1979-04-03','75914608',1715194,9001),(740,'William','Wright','wwrightkj@microsoft.com','3313 Jackson Center','M','1979-01-17','18401393',1896668,9005),(741,'Kathy','Thomas','kthomaskk@geocities.jp','3367 Ryan Terrace','F','1963-09-13','18056210',1715071,9001),(742,'Betty','Garrett','bgarrettkl@shutterfly.com','261 Moulton Alley','F','1959-01-13','27845152',1452984,9004),(743,'Janet','Johnston','jjohnstonkm@tiny.cc','97367 Northwestern Park','F','1952-09-29','20794562',2333582,9003),(744,'Rachel','Cole','rcolekn@zdnet.com','7450 Dexter Alley','F','1985-02-08','49026916',2359235,9002),(745,'Susan','Hall','shallko@moonfruit.com','962 Bluejay Center','F','1984-07-19','96948641',1321420,9003),(746,'Eric','Ellis','eelliskp@exblog.jp','58636 Dawn Plaza','M','1952-11-09','66296993',2126220,9005),(747,'Chris','Carroll','ccarrollkq@marriott.com','853 Longview Street','M','1970-12-09','89656973',1266887,9001),(748,'Janice','Hunter','jhunterkr@wiley.com','50795 Eagan Alley','F','1976-02-23','53011516',1433670,9002),(749,'Heather','Graham','hgrahamks@google.ru','4900 Mayfield Avenue','F','1958-10-24','12751455',1347841,9005),(750,'Bobby','Rivera','briverakt@theglobeandmail.com','7 Continental Park','M','1950-10-16','16312319',1629126,9003),(751,'Robert','Howard',NULL,'646 Hudson Hill','M','1984-07-26','47925482',2233635,9001),(752,'Karen','Medina','kmedinakv@acquirethisname.com','9548 Northview Pass','F','1970-05-01','71230573',744800,9001),(753,'Doris','Perez','dperezkw@adobe.com','613 Crownhardt Street','F','1979-03-29','36888544',1883240,9003),(754,'Bobby','Perez','bperezkx@godaddy.com','6 Eastlawn Circle','M','1986-02-23','79771229',719645,9005),(755,'Pamela','Stevens','pstevensky@feedburner.com','3376 Nevada Junction','F','1960-05-07','01948353',1840825,9000),(756,'Denise','Armstrong','darmstrongkz@pcworld.com','62 Monterey Hill','F','1961-08-10','82552831',1693582,9003),(757,'Stephen','James','sjamesl0@t.co','3689 Aberg Circle','M','1951-07-29','25148782',1601407,9001),(758,'Joyce','Morales','jmoralesl1@businessweek.com','6 Basil Terrace','F','1955-10-21','96572800',603205,9005),(759,'Matthew','Carter','mcarterl2@addthis.com','1 Anniversary Court','M','1954-05-09','58309276',1476146,9005),(760,'Arthur','Franklin','afranklinl3@shutterfly.com','58 Welch Junction','M','1986-07-26','38655738',322403,9005),(761,'Sara','Dixon','sdixonl4@aol.com','9377 Mayfield Parkway','F','1960-02-04','44571773',1687545,9000),(762,'Randy','Mcdonald','rmcdonaldl5@hc360.com','10390 Hovde Crossing','M','1962-07-01','82469175',499880,9003),(763,'Susan','Shaw','sshawl6@usda.gov','77 Judy Park','F','1958-04-03','81758481',2320363,9004),(764,'Bobby','Alexander','balexanderl7@cam.ac.uk','28665 Sheridan Road','M','1957-05-29','77939366',2090208,9003),(765,'Julia','Moore','jmoorel8@psu.edu','12 Rowland Pass','F','1953-11-01','24131537',2149165,9004),(766,'Nancy','Freeman','nfreemanl9@cbc.ca','6494 Portage Point','F','1975-10-04','04129513',1283378,9005),(767,'Shawn','Watkins','swatkinsla@virginia.edu','26 Gerald Center','M','1965-05-13','52526597',2150033,9003),(768,'Douglas','Stewart','dstewartlb@skype.com','56 Spaight Trail','M','1971-01-20','53175004',2214074,9005),(769,'Joyce','Ramos','jramoslc@tripod.com','1 Fremont Road','F','1964-11-27','87893511',2221304,9001),(770,'Kathleen','Olson','kolsonld@loc.gov','830 Northview Junction','F','1958-03-23','60589227',734741,9001),(771,'Larry','Burns','lburnsle@studiopress.com','35328 Leroy Place','M','1953-10-04','27628228',2117606,9005),(772,'Joshua','Chavez','jchavezlf@lulu.com','40 Brentwood Place','M','1953-10-24','73158269',1000670,9002),(773,'Jerry','Kelly','jkellylg@bandcamp.com','676 Dorton Junction','M','1989-07-15','71560018',1236370,9002),(774,'Phillip','Patterson','ppattersonlh@mozilla.org','5160 Stone Corner Pass','M','1957-01-06','24004459',1401213,9003),(775,'Teresa','Hawkins','thawkinsli@army.mil','44 Mendota Court','F','1983-07-14','00733800',652510,9000),(776,'Denise','Stephens',NULL,'66404 Gerald Drive','F','1990-01-20','83943172',1181321,9005),(777,'Deborah','Murray','dmurraylk@qq.com','52 Carberry Terrace','F','1974-12-12','60787732',2280311,9004),(778,'Donna','Grant','dgrantll@cpanel.net','47880 Briar Crest Circle','F','1958-12-03','70909779',2192202,9002),(779,'Jeremy','Murphy','jmurphylm@walmart.com','06 Portage Terrace','M','1953-08-12',NULL,2464761,9000),(780,'Jack','Lee','jleeln@pcworld.com','2 Jenna Street','M','1969-02-22','46873525',1972163,9004),(781,'Steven','Evans','sevanslo@tripod.com','955 Derek Alley','M','1978-10-02','35869371',2301884,9003),(782,'Bobby','Carroll','bcarrolllp@issuu.com','2001 Tomscot Parkway','M','1954-06-07','90244593',369024,9002),(783,'Edward','Gray','egraylq@netlog.com','0254 Surrey Center','M','1986-05-12','11953896',2475318,9005),(784,'Jason','Kelly','jkellylr@github.com','349 Holmberg Place','M','1985-04-07','71269099',1317964,9000),(785,'Walter','Peterson','wpetersonls@issuu.com','4644 Dorton Drive','M','1983-12-15','42057637',1819094,9002),(786,'Martha','Hunter','mhunterlt@gov.uk','9196 Park Meadow Terrace','F','1954-07-06','18465638',2218564,9001),(787,'Steve','Vasquez','svasquezlu@networkadvertising.org','19 Kings Plaza','M','1956-02-13','76444249',1352254,9001),(788,'Kelly','Lane','klanelv@usda.gov','4 Continental Drive','F','1956-03-15','73822768',1130997,9000),(789,'Margaret','Daniels','mdanielslw@vkontakte.ru','02712 Lyons Hill','F','1952-08-14','88584618',385637,9004),(790,'Antonio','Gutierrez','agutierrezlx@miibeian.gov.cn','58 Heath Place','M','1985-05-13','51883832',1706880,9001),(791,'Martha','Andrews','mandrewsly@blogger.com','68 Monica Hill','F','1988-08-11','60125176',1116591,9003),(792,'Carolyn','Marshall','cmarshalllz@comsenz.com','36537 Holmberg Point','F','1979-06-14','63965834',822287,9001),(793,'Paula','White','pwhitem0@360.cn','35 Graceland Terrace','F','1978-02-22','49648674',829466,9005),(794,'Phillip','Armstrong','parmstrongm1@intel.com','3 Elka Trail','M','1970-02-28','62546875',1076302,9005),(795,'Sara','Torres','storresm2@pinterest.com','0 Prairie Rose Terrace','F','1953-03-09','08063181',1264572,9001),(796,'Donna','Scott','dscottm3@mac.com','6 Emmet Drive','F','1958-03-01','04600689',1769409,9003),(797,'Bonnie','Kelly','bkellym4@istockphoto.com','731 Loomis Road','F','1979-12-28','78144245',1124807,9004),(798,'Cheryl','Andrews','candrewsm5@mail.ru','3 Prairieview Plaza','F','1969-09-07','63176920',2351629,9002),(799,'Eugene','Gilbert','egilbertm6@cmu.edu','9 Columbus Avenue','M','1987-12-06','05143475',1688382,9004),(800,'Rose','Brooks','rbrooksm7@shareasale.com','397 Lunder Place','F','1965-02-02','34241394',1243405,9005),(801,'Judy','Woods',NULL,'24770 Grim Circle','F','1978-08-01','80537758',693487,9001),(802,'Karen','Romero',NULL,'134 Aberg Avenue','F','1982-02-28','57026226',1628561,9001),(803,'Gloria','Snyder','gsnyderma@phpbb.com','5591 Sugar Parkway','F','1950-05-21','09049602',1602367,9000),(804,'Ronald','Simmons','rsimmonsmb@parallels.com','3712 Shopko Avenue','M','1954-12-04','54148478',1211627,9000),(805,'Victor','Richardson','vrichardsonmc@vistaprint.com','40 Toban Parkway','M','1979-06-01','25725309',808405,9001),(806,'Barbara','Allen','ballenmd@google.it','27597 Ilene Road','F','1954-11-06','22920495',1488381,9004),(807,'Chris','Martinez','cmartinezme@cbslocal.com','05 Randy Circle','M','1965-05-23','61434410',627280,9003),(808,'Julia','Carroll',NULL,'3610 Fairfield Drive','F','1960-01-13','09845533',1010120,9002),(809,'Louise','Moreno','lmorenomg@auda.org.au','8392 Grayhawk Hill','F','1964-08-17','69376520',794854,9004),(810,'Kathleen','Hudson','khudsonmh@123-reg.co.uk','979 Morning Way','F','1965-01-10','69992277',1343663,9002),(811,'Fred','Mendoza','fmendozami@cloudflare.com','2113 Meadow Valley Street','M','1953-08-11','74021047',2422977,9001),(812,'Betty','Martinez','bmartinezmj@whitehouse.gov','8 Memorial Drive','F','1966-11-26','65906004',2375474,9000),(813,'Roger','Hansen','rhansenmk@uol.com.br','17819 Stephen Terrace','M','1970-05-11','28256290',2007832,9001),(814,'Jessica','Lewis','jlewisml@istockphoto.com','472 Linden Court','F','1988-02-25','32871977',702646,9000),(815,'Wayne','Clark','wclarkmm@sciencedaily.com','82 Gina Park','M','1965-05-16','02468098',2061504,9002),(816,'Amy','Wells','awellsmn@yale.edu','4134 Hagan Street','F','1978-07-10',NULL,1200979,9005),(817,'Randy','Bell','rbellmo@sogou.com','0 Roth Hill','M','1955-05-24','00684035',1538157,9000),(818,'Mildred','Garcia','mgarciamp@eventbrite.com','6728 Rutledge Terrace','F','1959-11-05','42017331',259014,9005),(819,'Richard','Henderson','rhendersonmq@sciencedaily.com','89 Helena Street','M','1979-05-31','27287717',872571,9003),(820,'Bruce','Patterson','bpattersonmr@g.co','98345 Carpenter Place','M','1989-06-23','76728422',1083324,9005),(821,'Nicholas','Carr','ncarrms@4shared.com','4 Continental Point','M','1958-11-04','86599688',1654740,9004),(822,'Sean','Welch','swelchmt@ucoz.com','516 Carioca Crossing','M','1983-07-07','25348377',885914,9004),(823,'Christopher','Larson','clarsonmu@paypal.com','13 Maryland Alley','M','1954-05-24','37494263',318672,9004),(824,'Kelly','Johnston','kjohnstonmv@angelfire.com','9940 Dapin Pass','F','1980-02-12','41002263',1981816,9002),(825,'Martin','Baker','mbakermw@amazon.com','41932 Amoth Pass','M','1974-10-08','03947447',657070,9005),(826,'Beverly','Chapman','bchapmanmx@sun.com','196 Northport Lane','F','1973-12-20','69438985',1997461,9003),(827,'Justin','Hughes','jhughesmy@mit.edu','77402 Marcy Street','M','1986-05-14','41812081',694573,9004),(828,'Sara','James','sjamesmz@pbs.org','61549 Fairview Avenue','F','1972-02-27','64372337',1776050,9003),(829,'Helen','Watson','hwatsonn0@latimes.com','4752 Arrowood Crossing','F','1985-12-11','62230031',2257631,9005),(830,'Thomas','Gilbert','tgilbertn1@mapquest.com','73 Orin Way','M','1989-11-20','63271490',754522,9000),(831,'Kathryn','Vasquez','kvasquezn2@eventbrite.com','8 Rowland Street','F','1958-12-27','39095159',291771,9005),(832,'Margaret','Castillo','mcastillon3@oakley.com','35086 Marquette Road','F','1966-02-24','10330011',973538,9004),(833,'Lillian','Coleman','lcolemann4@123-reg.co.uk','4101 Johnson Way','F','1965-03-01','73951615',2402098,9001),(834,'Heather','Rice','hricen5@rakuten.co.jp','900 Elka Center','F','1962-07-05','67473764',2153306,9001),(835,'Ann','Elliott','aelliottn6@xrea.com','509 Sloan Crossing','F','1981-06-01','69609443',781892,9004),(836,'Craig','Kelley','ckelleyn7@mit.edu','828 Meadow Valley Hill','M','1962-05-13','67347698',2079349,9004),(837,'William','Reid','wreidn8@dedecms.com','32322 Paget Drive','M','1967-08-08','64904366',2495001,9004),(838,'Russell','Gordon','rgordonn9@topsy.com','4 Nelson Circle','M','1983-07-15','11030426',2213507,9003),(839,'Joyce','Allen','jallenna@marketwatch.com','30384 Barby Avenue','F','1984-04-07','64152015',1394992,9001),(840,'Tammy','Ward','twardnb@earthlink.net','739 Kennedy Drive','F','1969-05-07','12376884',2072846,9003),(841,'Melissa','Ferguson','mfergusonnc@dailymail.co.uk','338 Sherman Point','F','1974-09-01','25060051',2111811,9002),(842,'Christina','Arnold','carnoldnd@sphinn.com','877 Vera Point','F','1966-11-13',NULL,1431805,9001),(843,'Debra','Evans','devansne@cbsnews.com','4808 Derek Terrace','F','1989-07-13','29770785',824911,9002),(844,'Stephanie','Castillo','scastillonf@is.gd','0 Sage Street','F','1986-03-17','26537235',1175804,9005),(845,'Kenneth','Gordon','kgordonng@4shared.com','4 6th Junction','M','1952-10-09','96564259',1711298,9004),(846,'Katherine','Cox','kcoxnh@facebook.com','57 Oak Valley Crossing','F','1984-07-04','71234763',620834,9002),(847,'Henry','Collins','hcollinsni@nature.com','93 Gulseth Point','M','1959-05-16','53541091',1605557,9002),(848,'Phyllis','Franklin','pfranklinnj@discovery.com','46 Meadow Vale Court','F','1969-05-31','32198179',2361739,9001),(849,'Joshua','Nelson','jnelsonnk@businessinsider.com','517 Waxwing Junction','M','1970-08-10','29636804',1323566,9004),(850,'Shawn','Flores','sfloresnl@hexun.com','0079 Brentwood Parkway','M','1974-05-15','49654730',2447150,9003),(851,'David','Freeman','dfreemannm@linkedin.com','5136 Gulseth Plaza','M','1954-07-10','90174609',919783,9003),(852,'Virginia','Williamson','vwilliamsonnn@howstuffworks.com','5160 David Junction','F','1965-07-06','51675819',1777321,9001),(853,'Jonathan','Bradley','jbradleyno@noaa.gov','0392 Colorado Trail','M','1976-01-02','34182602',1796580,9004),(854,'Willie','Mason','wmasonnp@irs.gov','2836 Holy Cross Hill','M','1974-09-12','33016658',2148414,9002),(855,'Sara','Burke','sburkenq@gizmodo.com','479 Armistice Way','F','1961-09-13','16399757',1455418,9000),(856,'Joyce','Davis','jdavisnr@usda.gov','5 Crescent Oaks Junction','F','1969-12-28','36338406',1934640,9000),(857,'Frank','Weaver','fweaverns@scribd.com','55 Declaration Terrace','M','1951-11-08','85287325',400259,9005),(858,'Judith','Wright','jwrightnt@issuu.com','50804 Kipling Drive','F','1989-03-13',NULL,1089868,9003),(859,'Kathy','Schmidt','kschmidtnu@dedecms.com','0 Hoffman Drive','F','1978-04-03','80792258',2497835,9005),(860,'Jean','Marshall','jmarshallnv@blogger.com','9 2nd Drive','F','1969-08-15','59838599',1568646,9005),(861,'Carol','Perez','cpereznw@themeforest.net','6 Barby Place','F','1956-08-13','99478943',1563203,9002),(862,'Arthur','Mcdonald',NULL,'09 Vernon Crossing','M','1958-06-29','80591845',1150166,9002),(863,'Tina','Fernandez','tfernandezny@delicious.com','4 Rusk Street','F','1980-06-29','28504205',1866720,9003),(864,'Elizabeth','Rose','erosenz@issuu.com','25 Sherman Pass','F','1965-11-21','93205225',957633,9004),(865,'Ralph','Ruiz','rruizo0@infoseek.co.jp','39 Colorado Avenue','M','1966-05-21','41636822',1122654,9002),(866,'Victor','Bowman','vbowmano1@cnbc.com','245 Farmco Drive','M','1987-11-01','62745813',1966881,9001),(867,'Tammy','Roberts','trobertso2@about.me','97 4th Crossing','F','1966-10-16','10997623',1144678,9001),(868,'Shawn','Sims','ssimso3@e-recht24.de','857 Nelson Alley','M','1963-06-22','75403526',575029,9003),(869,'Christine','Castillo','ccastilloo4@google.it','5 Dapin Crossing','F','1968-12-04','90326140',741188,9002),(870,'Jennifer','Carpenter','jcarpentero5@t-online.de','8 New Castle Circle','F','1964-04-11','59449180',252714,9004),(871,'Doris','Ramirez','dramirezo6@ebay.com','9 Village Hill','F','1967-05-28','33195803',1139330,9001),(872,'Melissa','Garza','mgarzao7@answers.com','0097 Utah Point','F','1976-03-26','72161498',2274591,9000),(873,'Walter','Murray','wmurrayo8@state.tx.us','9363 Sauthoff Center','M','1989-01-16','21465883',2428566,9005),(874,'Raymond','Wheeler','rwheelero9@dell.com','72921 Pearson Way','M','1966-03-27','61809961',1232939,9001),(875,'Todd','Moore','tmooreoa@columbia.edu','7507 Arkansas Junction','M','1953-01-29','11814623',1007359,9002),(876,'Annie','Morgan','amorganob@i2i.jp','9218 Ohio Point','F','1960-06-26','16422319',1799151,9000),(877,'Patricia','Fernandez','pfernandezoc@wix.com','0316 Gale Junction','F','1967-03-24','20357050',1908931,9004),(878,'Peter','Campbell','pcampbellod@hatena.ne.jp','693 Veith Terrace','M','1953-09-14',NULL,1568826,9000),(879,'Edward','West','ewestoe@sina.com.cn','338 Carioca Center','M','1978-06-02','96712690',1778798,9001),(880,'Carlos','Cooper','ccooperof@ebay.co.uk','58 Mandrake Court','M','1989-03-28','44882750',253768,9000),(881,'Mark','Banks','mbanksog@surveymonkey.com','19 Columbus Hill','M','1978-09-27','24493061',1013023,9005),(882,'Juan','Ryan','jryanoh@posterous.com','82 David Drive','M','1959-03-03','94755545',1076956,9003),(883,'Christina','Lee','cleeoi@pagesperso-orange.fr','41750 Lotheville Point','F','1957-02-16','00167276',1928968,9000),(884,'Amanda','Gray','agrayoj@xrea.com','50824 Roxbury Crossing','F','1973-07-26','67730255',1974828,9003),(885,'Sara','Cole','scoleok@reverbnation.com','396 Hansons Park','F','1985-03-31','32407014',1012105,9001),(886,'Joseph','Spencer','jspencerol@creativecommons.org','1500 Bay Terrace','M','1987-08-27','96833625',2347640,9001),(887,'Steven','Patterson','spattersonom@cisco.com','1 Canary Place','M','1969-02-06','60304097',1896281,9002),(888,'Jean','Hawkins','jhawkinson@blinklist.com','03531 Twin Pines Alley','F','1988-06-19','84760014',2348016,9001),(889,'George','Rose','groseoo@oracle.com','6393 Heath Road','M','1962-03-09','14819505',937368,9001),(890,'Raymond','Rodriguez','rrodriguezop@wikipedia.org','348 Rutledge Alley','M','1953-05-02','37929611',1422814,9005),(891,'Earl','Perkins','eperkinsoq@ftc.gov','15153 Rigney Parkway','M','1962-11-04','34537262',1584245,9004),(892,'Jessica','Chapman','jchapmanor@cbslocal.com','3746 Amoth Lane','F','1961-06-12','39023032',1367294,9000),(893,'Willie','Ward','wwardos@ca.gov','6 Myrtle Place','M','1951-01-01','80557790',1687501,9005),(894,'Cynthia','Hawkins','chawkinsot@hp.com','6125 Lerdahl Trail','F','1973-08-27','79169567',1506977,9000),(895,'Michael','Johnson','mjohnsonou@so-net.ne.jp','27001 Lakewood Alley','M','1968-05-10','39518807',1419971,9002),(896,'Robin','Robinson','rrobinsonov@cnn.com','48632 Kinsman Avenue','F','1977-09-02','50242737',953910,9004),(897,'Willie','Davis','wdavisow@bizjournals.com','08459 Prentice Alley','M','1977-10-09','80610004',817935,9005),(898,'Kathryn','Rogers','krogersox@barnesandnoble.com','88 Summer Ridge Junction','F','1987-01-18','50622783',2241270,9004),(899,'Kathy','Fernandez','kfernandezoy@google.es','04892 Crest Line Trail','F','1961-08-06','30218691',416570,9001),(900,'Heather','Patterson','hpattersonoz@vimeo.com','943 Logan Parkway','F','1955-02-06','04735694',1508354,9000),(901,'Michael','Tucker','mtuckerp0@issuu.com','8549 Lawn Alley','M','1961-12-07','55469178',1967690,9001),(902,'Daniel','Ross','drossp1@meetup.com','96 Annamark Circle','M','1971-04-11','69677516',256689,9001),(903,'Stephen','Martinez','smartinezp2@hugedomains.com','49 Daystar Alley','M','1964-08-12','91279112',1138014,9005),(904,'Kathryn','Montgomery','kmontgomeryp3@about.com','65529 Comanche Circle','F','1967-02-21','50073140',2453324,9004),(905,'Stephen','Hamilton','shamiltonp4@123-reg.co.uk','0509 Alpine Court','M','1988-08-20','41982476',481406,9000),(906,'Susan','Elliott','selliottp5@squarespace.com','385 Truax Terrace','F','1989-10-11','08118740',498370,9000),(907,'Paul','Lane','planep6@ucsd.edu','865 Stang Drive','M','1953-03-19','00505260',1736852,9004),(908,'Michael','Greene','mgreenep7@admin.ch','7 Twin Pines Street','M','1959-09-20','85116234',1973165,9005),(909,'Jerry','Oliver','joliverp8@eventbrite.com','98 Iowa Place','M','1985-04-14','15964012',446551,9001),(910,'Linda','Lee','lleep9@omniture.com','3 Graedel Terrace','F','1972-03-25','98442801',1321171,9005),(911,'Barbara','Morris','bmorrispa@nifty.com','0 Morrow Place','F','1983-07-04','47411999',1124109,9005),(912,'Jimmy','Romero','jromeropb@pagesperso-orange.fr','3 Bobwhite Pass','M','1977-07-23','09952765',535930,9000),(913,'Annie','Gomez','agomezpc@aol.com','060 Sachs Trail','F','1953-08-02','31383567',1635939,9005),(914,'Melissa','Bailey','mbaileypd@disqus.com','39 Comanche Crossing','F','1968-05-22','60096775',2256598,9000),(915,'George','Stevens','gstevenspe@twitter.com','89284 Eliot Lane','M','1986-04-07','35141712',2113540,9003),(916,'Roy','Williams','rwilliamspf@time.com','22 Sauthoff Crossing','M','1953-12-14','86234748',274556,9001),(917,'Ashley','Woods','awoodspg@fastcompany.com','035 Fairfield Hill','F','1967-05-30','14804541',988002,9003),(918,'Arthur','King','akingph@linkedin.com','462 Center Alley','M','1983-02-10','90360359',1600324,9002),(919,'Norma','Payne','npaynepi@moonfruit.com','62204 Westerfield Junction','F','1985-08-24','26819051',814006,9002),(920,'Debra','James','djamespj@rambler.ru','5820 Barby Parkway','F','1978-11-12','89912949',542493,9004),(921,'Laura','Garrett','lgarrettpk@shutterfly.com','20 Kennedy Road','F','1981-02-22','74789488',2191601,9004),(922,'Jonathan','Rogers','jrogerspl@craigslist.org','09277 Eastwood Drive','M','1981-02-10','26292752',1796931,9000),(923,'Carol','Long','clongpm@nationalgeographic.com','3817 Loomis Plaza','F','1969-01-31','04421601',2188109,9004),(924,'Janice','Medina','jmedinapn@bravesites.com','33 Shoshone Lane','F','1988-09-12','60264413',280830,9005),(925,'Karen','Stanley','kstanleypo@squidoo.com','75 Prairie Rose Junction','F','1977-12-02','70963871',752205,9001),(926,'Kelly','Wilson','kwilsonpp@ocn.ne.jp','90626 Farragut Road','F','1956-06-18','11568769',2240613,9000),(927,'Justin','Garcia','jgarciapq@youtu.be','50 Jana Place','M','1987-03-20','74648759',2375529,9004),(928,'Martha','King','mkingpr@mit.edu','221 Anhalt Point','F','1962-08-28','99789344',316696,9001),(929,'Thomas','Warren','twarrenps@taobao.com','1 Sauthoff Trail','M','1967-03-09','36494756',493096,9005),(930,'Jessica','Hayes','jhayespt@360.cn','7959 Hintze Parkway','F','1987-02-09','36873784',711266,9004),(931,'Phyllis','Lopez',NULL,'271 Welch Road','F','1988-04-08','59343992',844423,9004),(932,'Shawn','Marshall','smarshallpv@jalbum.net','69010 Doe Crossing Court','M','1961-03-04','35668990',284388,9002),(933,'Benjamin','Porter','bporterpw@alibaba.com','30 Melby Way','M','1978-01-07','03479590',1781698,9001),(934,'Cynthia','Hanson','chansonpx@chicagotribune.com','63 Raven Avenue','F','1977-01-27','77406255',680562,9005),(935,'Brenda','Rivera','briverapy@bravesites.com','61864 Mitchell Circle','F','1950-04-19','30902465',290136,9003),(936,'Theresa','Brooks','tbrookspz@bbc.co.uk','8611 Golf Street','F','1952-05-13','82036616',1240862,9001),(937,'Joseph','Dixon','jdixonq0@psu.edu','91898 Towne Way','M','1968-12-24','23099871',762642,9002),(938,'Louise','Reyes','lreyesq1@blogs.com','7 Graceland Plaza','F','1978-09-13','89457858',1148864,9004),(939,'Carolyn','Owens','cowensq2@wired.com','389 3rd Junction','F','1984-03-30','07253744',2417487,9005),(940,'Billy','Fields','bfieldsq3@netvibes.com','77838 Independence Court','M','1987-02-14','30447818',1834757,9005),(941,'Emily','Robertson',NULL,'9 Beilfuss Street','F','1951-03-14','39915190',2491589,9002),(942,'Tammy','Fuller','tfullerq5@mozilla.org','8382 Cottonwood Trail','F','1952-12-13','94309793',959886,9005),(943,'Eugene','Willis','ewillisq6@taobao.com','34114 Mcguire Junction','M','1983-11-22','95913443',549504,9001),(944,'Carolyn','Thompson','cthompsonq7@ca.gov','57 Algoma Circle','F','1971-07-18','91124708',2484206,9001),(945,'Chris','Cooper','ccooperq8@hc360.com','64407 Ridgeway Parkway','M','1983-01-27','90995231',343037,9001),(946,'Juan','Gray','jgrayq9@digg.com','49490 School Alley','M','1964-08-24','74809278',306886,9000),(947,'Joyce','Lynch','jlynchqa@tamu.edu','9 Gateway Drive','F','1964-03-06','20090153',2497183,9003),(948,'Christina','Tucker','ctuckerqb@shareasale.com','11 Marcy Way','F','1973-11-16','17237621',584866,9000),(949,'Amanda','Banks','abanksqc@nature.com','326 Sachtjen Terrace','F','1985-05-11','40590530',2245104,9002),(950,'Melissa','Diaz','mdiazqd@goo.gl','85389 Evergreen Pass','F','1963-05-11','40183782',1137285,9002),(951,'Janice','Oliver','joliverqe@privacy.gov.au','6643 Cherokee Terrace','F','1988-09-06','71037073',2219762,9003),(952,'Laura','Campbell','lcampbellqf@tinyurl.com','32770 Artisan Court','F','1977-09-20','84811660',2420545,9002),(953,'Julia','Hanson','jhansonqg@vistaprint.com','24593 Bultman Hill','F','1979-03-10','98120918',1191739,9003),(954,'Ashley','Peterson','apetersonqh@about.com','676 Corry Park','F','1966-10-23','60273484',1545225,9002),(955,'Craig','Ramirez','cramirezqi@dion.ne.jp','29 Knutson Hill','M','1956-06-19','35860632',1974405,9000),(956,'Russell','Dunn','rdunnqj@google.com.hk','71 Lakewood Center','M','1956-04-06','45346094',1360452,9003),(957,'Jacqueline','Hawkins','jhawkinsqk@dedecms.com','5 Schlimgen Hill','F','1988-11-10','61234179',299035,9002),(958,'Johnny','Martinez','jmartinezql@usgs.gov','4 Springview Road','M','1975-10-19','19289337',1212385,9005),(959,'Jack','Fox','jfoxqm@smh.com.au','468 Beilfuss Trail','M','1950-05-10','24630870',682364,9004),(960,'Jessica','Davis','jdavisqn@sitemeter.com','24477 Clove Pass','F','1967-09-14','30171117',1453696,9002),(961,'Todd','Jackson','tjacksonqo@hud.gov','720 Meadow Valley Crossing','M','1968-03-27','14858409',1661675,9004),(962,'Ruby','Carr','rcarrqp@last.fm','404 Blaine Junction','F','1975-05-29','38964900',975759,9003),(963,'Jennifer','Burton','jburtonqq@list-manage.com','252 Reinke Place','F','1983-05-07','52467799',1642642,9004),(964,'Sarah','Dixon','sdixonqr@statcounter.com','4 Tony Park','F','1961-07-12','85598924',1619796,9002),(965,'Russell','Foster','rfosterqs@bluehost.com','9005 Blackbird Circle','M','1985-01-23','14670636',1604693,9001),(966,'Sarah','Stone','sstoneqt@last.fm','842 Melody Pass','F','1978-01-13','78943588',2058324,9003),(967,'Diane','Ellis','dellisqu@amazon.co.jp','661 Park Meadow Drive','F','1952-10-16','35310245',638975,9003),(968,'Arthur','Howell','ahowellqv@google.co.jp','51 Clyde Gallagher Place','M','1989-06-07','39971273',1462773,9000),(969,'Nancy','Watson','nwatsonqw@google.com','215 Pepper Wood Park','F','1975-06-02','44957019',974992,9001),(970,'Frank','Martin','fmartinqx@reverbnation.com','97 Little Fleur Park','M','1963-09-08','89417938',1744094,9000),(971,'Stephen','Hayes','shayesqy@is.gd','13649 South Plaza','M','1962-05-22','42511827',832118,9002),(972,'Evelyn','Weaver','eweaverqz@studiopress.com','81 American Trail','F','1961-05-19',NULL,1506399,9003),(973,'Deborah','Long','dlongr0@bluehost.com','48949 Loftsgordon Parkway','F','1982-07-20','10063815',1886423,9004),(974,'Norma','Garcia','ngarciar1@g.co','8 Dorton Way','F','1960-02-04','38571053',2274894,9001),(975,'Carlos','Black','cblackr2@abc.net.au','85254 Northwestern Street','M','1973-07-04','50008822',2340160,9001),(976,'Alice','Rice','aricer3@friendfeed.com','099 Forest Lane','F','1988-09-17','62834962',677238,9003),(977,'Willie','Nguyen','wnguyenr4@nyu.edu','1 Sommers Circle','M','1963-07-21','31274434',2016506,9005),(978,'Carl','Greene','cgreener5@virginia.edu','5 Rutledge Avenue','M','1963-08-16','06347250',785229,9005),(979,'Scott','Bennett','sbennettr6@cargocollective.com','16 Crest Line Street','M','1986-06-28','71356748',1102205,9003),(980,'Laura','Simpson','lsimpsonr7@acquirethisname.com','16 Maywood Plaza','F','1982-03-13','26512255',613377,9003),(981,'Linda','Schmidt','lschmidtr8@livejournal.com','2 Hauk Terrace','F','1950-12-28','53141131',2488765,9003),(982,'Steven','Franklin','sfranklinr9@msn.com','4176 Algoma Crossing','M','1963-10-08','71748215',531103,9004),(983,'Craig','Kelley','ckelleyra@npr.org','98 West Court','M','1959-07-11','21180628',1544213,9004),(984,'Deborah','Garza','dgarzarb@bbb.org','00103 Red Cloud Park','F','1972-11-13','07981446',2170787,9003),(985,'Benjamin','Warren','bwarrenrc@arstechnica.com','33639 Vera Alley','M','1986-07-08','80323225',1140982,9003),(986,'Lois','Romero','lromerord@vkontakte.ru','17580 Nevada Circle','F','1989-02-26','08484324',1793340,9002),(987,'Pamela','Hamilton','phamiltonre@oracle.com','784 Elmside Alley','F','1978-04-26','13508136',1181831,9000),(988,'Margaret','Olson','molsonrf@psu.edu','69 Morningstar Circle','F','1953-11-20','30276210',935975,9005),(989,'Keith','Spencer','kspencerrg@cdc.gov','23895 Karstens Hill','M','1961-03-29','28610552',774537,9003),(990,'Kevin','Simmons','ksimmonsrh@hao123.com','773 Saint Paul Pass','M','1961-11-07','04323676',464142,9004),(991,'Robert','Fisher','rfisherri@slideshare.net','31 Lunder Lane','M','1955-03-02','89428631',1176352,9005),(992,'Phillip','Franklin','pfranklinrj@answers.com','16910 Bellgrove Hill','M','1981-08-03','68549914',2371716,9002),(993,'Ruby','Martin','rmartinrk@aboutads.info','26140 Laurel Center','F','1975-09-27','55591874',410281,9002),(994,'Virginia','Torres','vtorresrl@nationalgeographic.com','03 Chinook Drive','F','1983-02-05','25686589',380857,9005),(995,'Ashley','Rice','aricerm@shinystat.com','49796 Kingsford Street','F','1961-09-29','58473242',557135,9001),(996,'Kevin','Garza','kgarzarn@taobao.com','388 Bobwhite Place','M','1961-04-06','94509991',327198,9000),(997,'Tammy','Schmidt','tschmidtro@microsoft.com','79492 Westerfield Junction','F','1960-10-15','95363319',326986,9002),(998,'Jean','Ruiz','jruizrp@fc2.com','33 Lakewood Gardens Park','F','1962-12-16','64558342',2358145,9004),(999,'Louis','Howell','lhowellrq@rakuten.co.jp','9 Manufacturers Parkway','M','1973-11-03','45957148',1304328,9005),(1000,'Edward','Ramirez','eramirezrr@columbia.edu','1168 Lyons Pass','M','1952-10-26','46651725',1711896,9000);
/*!40000 ALTER TABLE `empleado` ENABLE KEYS */;
UNLOCK TABLES;

--
-- Table structure for table `empleado_proyecto`
--

DROP TABLE IF EXISTS `empleado_proyecto`;
/*!40101 SET @saved_cs_client     = @@character_set_client */;
/*!40101 SET character_set_client = utf8 */;
CREATE TABLE `empleado_proyecto` (
  `id_empleado` int(11) NOT NULL,
  `id_proyecto` int(11) NOT NULL,
  PRIMARY KEY (`id_empleado`,`id_proyecto`),
  KEY `fk2_idx` (`id_empleado`),
  KEY `fk3_idx` (`id_proyecto`),
  CONSTRAINT `empleado_proyecto_fk2` FOREIGN KEY (`id_proyecto`) REFERENCES `proyecto` (`id_proyecto`) ON DELETE CASCADE ON UPDATE CASCADE,
  CONSTRAINT `empleado_proyecto_fk1` FOREIGN KEY (`id_empleado`) REFERENCES `empleado` (`id_empleado`) ON DELETE CASCADE ON UPDATE CASCADE
) ENGINE=InnoDB DEFAULT CHARSET=latin1;
/*!40101 SET character_set_client = @saved_cs_client */;

--
-- Dumping data for table `empleado_proyecto`
--

LOCK TABLES `empleado_proyecto` WRITE;
/*!40000 ALTER TABLE `empleado_proyecto` DISABLE KEYS */;
INSERT INTO `empleado_proyecto` VALUES (4,3),(6,3),(18,2),(28,5),(48,5),(50,4),(63,4),(67,1),(71,5),(73,1),(75,3),(78,2),(81,4),(120,3),(123,3),(126,2),(127,5),(132,4),(139,1),(153,1),(153,5),(162,5),(171,5),(174,4),(191,4),(213,4),(222,2),(222,3),(249,4),(263,1),(278,2),(282,1),(287,5),(304,5),(324,1),(329,2),(360,4),(369,3),(372,5),(382,3),(393,2),(400,4),(406,5),(410,4),(416,1),(433,3),(434,1),(441,1),(458,4),(468,1),(473,5),(480,4),(501,4),(517,5),(524,3),(532,4),(542,4),(557,4),(557,5),(561,2),(581,1),(581,2),(583,3),(610,3),(618,4),(634,5),(674,1),(709,1),(734,2),(734,4),(753,4),(755,3),(762,2),(778,1),(787,4),(797,1),(801,2),(802,3),(809,4),(820,1),(820,5),(832,3),(834,3),(840,3),(868,1),(875,2),(892,2),(904,2),(919,4),(927,3),(930,4),(930,5),(932,2),(933,3),(940,5),(945,1),(986,1),(988,1),(988,4),(992,4);
/*!40000 ALTER TABLE `empleado_proyecto` ENABLE KEYS */;
UNLOCK TABLES;

--
-- Table structure for table `proyecto`
--

DROP TABLE IF EXISTS `proyecto`;
/*!40101 SET @saved_cs_client     = @@character_set_client */;
/*!40101 SET character_set_client = utf8 */;
CREATE TABLE `proyecto` (
  `id_proyecto` int(11) NOT NULL AUTO_INCREMENT,
  `nombre` varchar(50) NOT NULL,
  `fecha_inicio` date NOT NULL,
  `fecha_fin` date DEFAULT NULL,
  PRIMARY KEY (`id_proyecto`)
) ENGINE=InnoDB AUTO_INCREMENT=6 DEFAULT CHARSET=latin1;
/*!40101 SET character_set_client = @saved_cs_client */;

--
-- Dumping data for table `proyecto`
--

LOCK TABLES `proyecto` WRITE;
/*!40000 ALTER TABLE `proyecto` DISABLE KEYS */;
INSERT INTO `proyecto` VALUES (1,'Nuevo Sitio Web','2010-01-02','2011-10-22'),(2,'Abrir Ventas Mayoristas Supermercados','2013-04-01','2014-07-22'),(3,'Importaciones de China','2014-02-11','2015-11-22'),(4,'Estadísticas','2015-07-19',NULL),(5,'Campaña nuevos usuarios','2016-01-22',NULL);
/*!40000 ALTER TABLE `proyecto` ENABLE KEYS */;
UNLOCK TABLES;
/*!40103 SET TIME_ZONE=@OLD_TIME_ZONE */;

/*!40101 SET SQL_MODE=@OLD_SQL_MODE */;
/*!40014 SET FOREIGN_KEY_CHECKS=@OLD_FOREIGN_KEY_CHECKS */;
/*!40014 SET UNIQUE_CHECKS=@OLD_UNIQUE_CHECKS */;
/*!40101 SET CHARACTER_SET_CLIENT=@OLD_CHARACTER_SET_CLIENT */;
/*!40101 SET CHARACTER_SET_RESULTS=@OLD_CHARACTER_SET_RESULTS */;
/*!40101 SET COLLATION_CONNECTION=@OLD_COLLATION_CONNECTION */;
/*!40111 SET SQL_NOTES=@OLD_SQL_NOTES */;

-- Dump completed on 2016-06-16 11:20:27
